,ID,R1,R2,R3,R4,R5,R6,R7,R8,R9,R10,R11,R12,R13,R14,R15,R16,R17,R18,R19,R20
0,Voter_1,P10,P15,P3,P7,P20,P5,P2,P8,P17,P16,P13,P12,P11,P14,P9,P18,P4,P1,P19,P6
1,Voter_2,P7,P6,P9,P15,P1,P19,P16,P10,P18,P8,P11,P2,P17,P3,P20,P5,P14,P4,P13,P12
2,Voter_3,P15,P16,P13,P6,P20,P3,P18,P10,P2,P19,P4,P11,P14,P5,P8,P9,P17,P1,P12,P7
3,Voter_4,P18,P14,P7,P17,P5,P8,P4,P6,P15,P10,P9,P13,P2,P19,P1,P20,P11,P16,P3,P12
4,Voter_5,P5,P11,P3,P20,P9,P1,P18,P13,P4,P17,P8,P15,P14,P10,P16,P19,P7,P6,P12,P2
5,Voter_6,P4,P9,P7,P2,P16,P3,P1,P5,P15,P8,P13,P19,P14,P6,P18,P11,P12,P20,P17,P10
6,Voter_7,P16,P13,P17,P3,P19,P1,P12,P11,P14,P2,P6,P15,P4,P20,P18,P7,P8,P5,P9,P10
7,Voter_8,P20,P3,P19,P4,P14,P18,P16,P10,P6,P8,P17,P1,P13,P15,P2,P5,P9,P12,P7,P11
8,Voter_9,P19,P13,P20,P5,P16,P6,P15,P8,P11,P18,P4,P17,P9,P3,P1,P12,P14,P2,P7,P10
9,Voter_10,P2,P8,P1,P9,P6,P15,P14,P17,P18,P16,P5,P19,P12,P3,P7,P4,P13,P11,P20,P10
10,Voter_11,P15,P12,P19,P5,P20,P3,P17,P9,P1,P13,P4,P18,P7,P8,P2,P10,P6,P16,P14,P11
11,Voter_12,P19,P11,P17,P9,P4,P1,P12,P5,P20,P3,P15,P10,P6,P8,P18,P14,P7,P2,P13,P16
12,Voter_13,P19,P13,P9,P8,P20,P2,P11,P5,P3,P16,P15,P7,P4,P10,P14,P1,P6,P18,P17,P12
13,Voter_14,P18,P3,P7,P5,P1,P11,P20,P12,P15,P4,P17,P16,P2,P13,P6,P9,P8,P14,P19,P10
14,Voter_15,P6,P11,P9,P2,P17,P7,P10,P15,P12,P3,P19,P1,P14,P16,P8,P4,P18,P13,P20,P5
15,Voter_16,P15,P3,P8,P7,P17,P14,P1,P19,P16,P18,P11,P9,P2,P20,P5,P6,P12,P13,P10,P4
16,Voter_17,P2,P7,P20,P15,P4,P19,P11,P10,P14,P18,P6,P16,P9,P5,P17,P12,P8,P1,P3,P13
17,Voter_18,P15,P9,P16,P17,P18,P4,P12,P13,P10,P8,P7,P14,P20,P6,P3,P11,P5,P19,P2,P1
18,Voter_19,P11,P17,P3,P8,P7,P16,P9,P10,P18,P6,P1,P2,P13,P15,P5,P4,P14,P19,P20,P12
19,Voter_20,P4,P7,P2,P17,P20,P16,P9,P13,P19,P12,P1,P15,P18,P10,P14,P5,P3,P6,P11,P8
20,Voter_21,P5,P14,P11,P3,P1,P15,P13,P20,P6,P8,P16,P12,P4,P19,P2,P9,P17,P7,P18,P10
21,Voter_22,P15,P14,P18,P5,P16,P17,P3,P2,P12,P7,P1,P4,P8,P11,P13,P10,P20,P9,P6,P19
22,Voter_23,P5,P8,P18,P13,P10,P17,P1,P11,P14,P6,P15,P19,P12,P16,P7,P3,P4,P20,P2,P9
23,Voter_24,P2,P19,P9,P8,P1,P7,P18,P14,P5,P4,P6,P11,P16,P13,P12,P20,P10,P3,P15,P17
24,Voter_25,P17,P15,P19,P1,P7,P11,P12,P14,P9,P5,P4,P6,P16,P18,P20,P3,P2,P10,P8,P13
25,Voter_26,P12,P4,P16,P14,P7,P20,P10,P19,P1,P18,P3,P17,P6,P15,P2,P13,P9,P5,P8,P11
26,Voter_27,P7,P10,P6,P15,P5,P1,P8,P3,P9,P12,P16,P19,P4,P18,P2,P17,P13,P11,P20,P14
27,Voter_28,P10,P8,P3,P18,P14,P2,P17,P15,P20,P12,P6,P1,P9,P5,P13,P16,P19,P11,P7,P4
28,Voter_29,P11,P19,P1,P15,P10,P9,P17,P5,P14,P7,P16,P8,P13,P6,P3,P20,P4,P12,P18,P2
29,Voter_30,P20,P17,P10,P8,P7,P9,P11,P19,P3,P12,P18,P14,P4,P1,P16,P5,P2,P13,P6,P15
30,Voter_31,P13,P20,P4,P7,P9,P16,P1,P3,P18,P11,P17,P14,P6,P2,P19,P8,P12,P15,P10,P5
31,Voter_32,P11,P6,P5,P7,P17,P18,P10,P3,P19,P8,P2,P12,P20,P14,P13,P4,P1,P15,P9,P16
32,Voter_33,P6,P19,P16,P13,P8,P17,P5,P2,P20,P10,P12,P14,P1,P15,P18,P4,P9,P7,P3,P11
33,Voter_34,P2,P5,P18,P7,P13,P14,P15,P16,P6,P4,P20,P3,P8,P1,P12,P10,P19,P17,P11,P9
34,Voter_35,P2,P8,P10,P18,P20,P7,P15,P17,P13,P11,P5,P16,P3,P9,P12,P6,P19,P14,P1,P4
35,Voter_36,P5,P14,P16,P10,P18,P13,P2,P8,P15,P11,P4,P7,P19,P1,P3,P12,P20,P6,P17,P9
36,Voter_37,P9,P12,P15,P16,P18,P8,P2,P7,P19,P5,P3,P11,P14,P20,P6,P10,P17,P13,P1,P4
37,Voter_38,P3,P10,P9,P7,P12,P8,P18,P6,P13,P14,P16,P4,P11,P20,P5,P19,P2,P15,P1,P17
38,Voter_39,P14,P7,P15,P4,P17,P8,P1,P18,P9,P11,P20,P19,P16,P3,P5,P6,P2,P10,P12,P13
39,Voter_40,P4,P12,P2,P8,P20,P18,P14,P15,P11,P5,P10,P7,P3,P19,P6,P9,P16,P1,P13,P17
40,Voter_41,P2,P1,P6,P10,P13,P19,P4,P3,P20,P8,P16,P15,P11,P18,P14,P7,P12,P5,P9,P17
41,Voter_42,P3,P20,P1,P8,P19,P12,P17,P18,P13,P7,P14,P15,P10,P5,P6,P16,P9,P4,P2,P11
42,Voter_43,P14,P10,P9,P11,P18,P20,P12,P17,P2,P8,P6,P13,P1,P3,P7,P19,P16,P5,P4,P15
43,Voter_44,P13,P17,P12,P14,P6,P19,P18,P16,P20,P2,P1,P7,P15,P3,P10,P8,P11,P4,P9,P5
44,Voter_45,P20,P18,P1,P2,P19,P9,P11,P17,P3,P6,P7,P16,P5,P4,P14,P8,P15,P12,P13,P10
45,Voter_46,P6,P12,P9,P20,P5,P7,P18,P2,P14,P17,P19,P15,P16,P1,P13,P10,P3,P4,P11,P8
46,Voter_47,P4,P20,P18,P5,P9,P1,P2,P11,P8,P14,P3,P7,P19,P16,P6,P15,P17,P12,P10,P13
47,Voter_48,P4,P11,P13,P14,P5,P1,P12,P16,P8,P18,P17,P10,P15,P20,P19,P9,P3,P2,P6,P7
48,Voter_49,P3,P16,P2,P14,P5,P17,P20,P10,P12,P15,P7,P18,P6,P11,P13,P9,P8,P4,P1,P19
49,Voter_50,P6,P12,P4,P7,P2,P17,P10,P3,P19,P18,P15,P16,P13,P20,P11,P5,P9,P14,P8,P1
50,Voter_51,P10,P20,P9,P16,P18,P6,P2,P4,P15,P12,P8,P5,P14,P19,P1,P7,P11,P13,P17,P3
51,Voter_52,P11,P17,P16,P1,P3,P18,P12,P15,P9,P13,P7,P14,P4,P6,P2,P5,P20,P8,P10,P19
52,Voter_53,P13,P2,P4,P10,P7,P6,P15,P20,P17,P5,P16,P3,P8,P1,P19,P12,P14,P9,P18,P11
53,Voter_54,P18,P12,P2,P7,P20,P13,P1,P6,P5,P14,P8,P9,P4,P16,P3,P11,P10,P19,P17,P15
54,Voter_55,P16,P4,P13,P20,P11,P17,P10,P14,P1,P9,P5,P3,P6,P15,P19,P8,P2,P7,P18,P12
55,Voter_56,P7,P6,P12,P9,P10,P16,P11,P2,P15,P4,P17,P19,P8,P18,P14,P1,P20,P3,P13,P5
56,Voter_57,P12,P8,P20,P13,P7,P3,P16,P17,P2,P18,P14,P15,P5,P4,P9,P11,P1,P6,P10,P19
57,Voter_58,P18,P5,P11,P13,P4,P15,P1,P19,P2,P3,P17,P20,P8,P9,P12,P10,P14,P16,P6,P7
58,Voter_59,P10,P13,P20,P4,P16,P9,P5,P17,P11,P8,P19,P3,P18,P12,P14,P1,P15,P7,P2,P6
59,Voter_60,P8,P10,P6,P18,P15,P12,P3,P17,P9,P11,P14,P16,P13,P5,P2,P19,P4,P7,P20,P1
60,Voter_61,P2,P9,P18,P13,P19,P12,P8,P11,P1,P3,P14,P20,P4,P17,P15,P6,P10,P16,P7,P5
61,Voter_62,P12,P1,P2,P20,P11,P7,P8,P5,P9,P3,P18,P15,P6,P17,P19,P16,P4,P10,P14,P13
62,Voter_63,P15,P6,P10,P9,P8,P14,P5,P13,P1,P11,P18,P2,P3,P12,P4,P20,P17,P16,P7,P19
63,Voter_64,P6,P1,P15,P20,P7,P4,P10,P9,P18,P13,P3,P2,P14,P16,P12,P17,P19,P8,P11,P5
64,Voter_65,P8,P3,P5,P13,P2,P6,P16,P9,P15,P14,P19,P1,P17,P20,P10,P12,P4,P11,P7,P18
65,Voter_66,P6,P13,P2,P5,P17,P15,P19,P10,P12,P8,P16,P7,P1,P9,P3,P11,P4,P18,P20,P14
66,Voter_67,P20,P7,P11,P9,P18,P10,P6,P2,P5,P19,P14,P4,P16,P15,P13,P17,P8,P12,P3,P1
67,Voter_68,P7,P15,P16,P3,P13,P11,P4,P14,P6,P20,P5,P2,P10,P1,P12,P17,P9,P18,P8,P19
68,Voter_69,P10,P3,P11,P17,P2,P13,P16,P15,P6,P7,P12,P19,P5,P9,P14,P1,P4,P8,P18,P20
69,Voter_70,P9,P8,P2,P17,P1,P12,P6,P3,P18,P19,P11,P15,P14,P5,P20,P13,P10,P16,P4,P7
70,Voter_71,P16,P4,P12,P15,P19,P9,P17,P3,P20,P11,P2,P6,P7,P13,P1,P14,P8,P18,P5,P10
71,Voter_72,P7,P11,P16,P19,P3,P14,P17,P18,P13,P1,P6,P9,P15,P5,P20,P12,P2,P4,P10,P8
72,Voter_73,P10,P2,P19,P11,P6,P7,P15,P5,P12,P1,P16,P3,P4,P17,P20,P13,P14,P18,P8,P9
73,Voter_74,P18,P3,P14,P4,P9,P2,P19,P1,P16,P17,P11,P10,P8,P6,P15,P7,P12,P20,P13,P5
74,Voter_75,P20,P3,P14,P12,P2,P18,P11,P15,P5,P1,P4,P16,P7,P13,P8,P9,P19,P6,P10,P17
75,Voter_76,P9,P14,P11,P18,P20,P3,P1,P19,P15,P5,P10,P2,P17,P12,P7,P13,P4,P8,P16,P6
76,Voter_77,P17,P2,P11,P5,P15,P7,P19,P14,P20,P8,P1,P13,P3,P12,P4,P6,P9,P16,P10,P18
77,Voter_78,P9,P3,P18,P6,P14,P2,P13,P20,P1,P19,P17,P12,P10,P5,P7,P11,P15,P8,P16,P4
78,Voter_79,P6,P17,P13,P12,P1,P15,P3,P7,P16,P10,P8,P4,P2,P5,P14,P11,P20,P19,P18,P9
79,Voter_80,P5,P10,P19,P12,P17,P18,P8,P16,P15,P4,P6,P14,P1,P2,P13,P20,P9,P11,P7,P3
80,Voter_81,P14,P6,P4,P7,P13,P20,P8,P15,P9,P11,P17,P1,P18,P3,P5,P16,P19,P10,P2,P12
81,Voter_82,P8,P7,P9,P2,P16,P4,P10,P3,P11,P5,P14,P6,P12,P19,P18,P20,P13,P1,P15,P17
82,Voter_83,P16,P9,P3,P5,P10,P19,P4,P1,P14,P6,P8,P17,P15,P7,P2,P11,P13,P12,P20,P18
83,Voter_84,P4,P15,P18,P16,P20,P1,P14,P12,P19,P5,P17,P2,P9,P6,P8,P3,P10,P11,P7,P13
84,Voter_85,P7,P1,P14,P20,P9,P5,P15,P10,P13,P3,P18,P8,P4,P17,P6,P12,P11,P16,P19,P2
85,Voter_86,P1,P17,P19,P5,P10,P14,P12,P9,P4,P8,P18,P20,P15,P2,P13,P3,P16,P11,P7,P6
86,Voter_87,P4,P8,P5,P3,P1,P14,P13,P2,P19,P9,P12,P15,P18,P11,P7,P16,P20,P10,P6,P17
87,Voter_88,P11,P19,P9,P20,P15,P12,P16,P13,P7,P8,P4,P18,P17,P10,P3,P6,P2,P14,P1,P5
88,Voter_89,P9,P2,P10,P19,P14,P11,P12,P16,P1,P8,P6,P20,P15,P4,P17,P3,P13,P5,P7,P18
89,Voter_90,P4,P17,P11,P10,P8,P12,P13,P2,P1,P19,P14,P15,P7,P3,P5,P6,P9,P16,P20,P18
90,Voter_91,P4,P11,P18,P3,P12,P16,P5,P1,P6,P7,P8,P9,P13,P2,P19,P15,P17,P14,P20,P10
91,Voter_92,P7,P18,P15,P1,P9,P12,P8,P10,P17,P19,P20,P5,P4,P16,P13,P11,P6,P2,P14,P3
92,Voter_93,P5,P6,P16,P14,P12,P8,P1,P20,P3,P2,P7,P13,P15,P10,P18,P17,P4,P11,P9,P19
93,Voter_94,P6,P20,P1,P15,P10,P7,P3,P18,P14,P2,P19,P13,P8,P11,P16,P9,P17,P5,P4,P12
94,Voter_95,P9,P5,P10,P12,P14,P1,P8,P7,P17,P20,P18,P15,P11,P19,P3,P16,P6,P4,P13,P2
95,Voter_96,P18,P1,P9,P3,P10,P13,P15,P8,P19,P7,P2,P20,P6,P4,P17,P12,P14,P5,P11,P16
96,Voter_97,P8,P1,P13,P10,P17,P19,P4,P11,P9,P15,P7,P18,P14,P12,P3,P6,P2,P16,P20,P5
97,Voter_98,P6,P18,P17,P14,P12,P9,P1,P4,P20,P11,P19,P7,P5,P2,P15,P16,P3,P13,P8,P10
98,Voter_99,P6,P14,P18,P3,P10,P5,P11,P20,P19,P9,P12,P16,P15,P8,P1,P13,P7,P2,P4,P17
99,Voter_100,P5,P17,P13,P11,P10,P20,P8,P9,P3,P12,P2,P14,P19,P4,P6,P15,P18,P7,P16,P1
100,Voter_101,P4,P16,P18,P15,P14,P3,P11,P13,P19,P6,P7,P17,P5,P9,P10,P20,P2,P1,P8,P12
101,Voter_102,P10,P19,P1,P14,P3,P12,P8,P20,P4,P18,P15,P17,P6,P16,P13,P11,P7,P9,P2,P5
102,Voter_103,P12,P11,P14,P15,P10,P18,P2,P5,P1,P9,P6,P8,P4,P13,P20,P19,P16,P7,P17,P3
103,Voter_104,P1,P15,P19,P8,P16,P10,P12,P2,P9,P4,P20,P7,P6,P13,P11,P3,P5,P18,P17,P14
104,Voter_105,P8,P20,P13,P5,P7,P2,P4,P15,P19,P18,P3,P6,P1,P11,P9,P10,P12,P17,P14,P16
105,Voter_106,P8,P11,P9,P2,P1,P5,P16,P14,P3,P6,P20,P17,P10,P4,P13,P7,P18,P15,P12,P19
106,Voter_107,P11,P19,P1,P8,P13,P7,P18,P14,P2,P3,P4,P9,P10,P17,P12,P16,P6,P15,P20,P5
107,Voter_108,P18,P5,P11,P10,P16,P20,P9,P13,P2,P3,P6,P7,P19,P4,P1,P15,P14,P12,P17,P8
108,Voter_109,P9,P6,P1,P19,P4,P3,P8,P13,P15,P18,P17,P20,P10,P7,P14,P2,P5,P12,P11,P16
109,Voter_110,P12,P14,P20,P8,P13,P3,P11,P1,P4,P2,P15,P18,P9,P5,P7,P16,P19,P17,P10,P6
110,Voter_111,P4,P15,P19,P18,P10,P11,P14,P7,P16,P5,P6,P1,P8,P20,P12,P9,P17,P2,P13,P3
111,Voter_112,P20,P10,P5,P4,P7,P2,P19,P3,P12,P15,P9,P8,P1,P16,P11,P14,P6,P17,P13,P18
112,Voter_113,P14,P18,P6,P8,P4,P1,P5,P12,P20,P7,P19,P3,P17,P10,P9,P13,P16,P15,P2,P11
113,Voter_114,P16,P6,P5,P3,P20,P8,P9,P7,P18,P4,P19,P15,P14,P17,P2,P10,P11,P13,P12,P1
114,Voter_115,P9,P13,P20,P1,P4,P19,P3,P8,P12,P5,P15,P11,P6,P17,P18,P10,P16,P14,P7,P2
115,Voter_116,P17,P6,P13,P8,P16,P1,P2,P5,P14,P11,P7,P10,P18,P15,P19,P4,P9,P3,P20,P12
116,Voter_117,P18,P8,P7,P6,P5,P9,P15,P16,P2,P17,P20,P4,P11,P19,P12,P1,P13,P10,P3,P14
117,Voter_118,P15,P9,P4,P6,P14,P19,P3,P20,P11,P2,P5,P17,P10,P16,P13,P8,P7,P18,P12,P1
118,Voter_119,P2,P9,P5,P12,P8,P18,P3,P7,P10,P20,P6,P1,P11,P17,P4,P16,P15,P19,P14,P13
119,Voter_120,P18,P15,P16,P9,P2,P4,P17,P6,P1,P20,P13,P11,P8,P5,P12,P10,P3,P19,P7,P14
120,Voter_121,P18,P6,P10,P14,P7,P12,P5,P20,P16,P8,P15,P2,P19,P4,P9,P1,P13,P17,P11,P3
121,Voter_122,P6,P12,P8,P10,P16,P15,P13,P9,P2,P1,P3,P5,P11,P20,P7,P17,P18,P19,P14,P4
122,Voter_123,P20,P6,P1,P18,P4,P11,P17,P13,P15,P8,P7,P19,P16,P2,P10,P14,P9,P3,P5,P12
123,Voter_124,P8,P18,P1,P3,P20,P15,P16,P11,P19,P13,P9,P17,P14,P6,P7,P4,P5,P2,P10,P12
124,Voter_125,P9,P7,P5,P14,P3,P17,P18,P13,P19,P1,P4,P8,P2,P15,P12,P6,P20,P11,P10,P16
125,Voter_126,P5,P1,P20,P10,P19,P18,P8,P11,P17,P7,P16,P14,P6,P15,P9,P4,P12,P2,P13,P3
126,Voter_127,P1,P15,P19,P4,P3,P18,P17,P10,P16,P5,P12,P9,P20,P6,P2,P14,P8,P11,P13,P7
127,Voter_128,P12,P13,P4,P5,P6,P15,P14,P3,P7,P1,P2,P16,P17,P8,P9,P10,P18,P19,P11,P20
128,Voter_129,P17,P5,P4,P8,P18,P12,P13,P9,P11,P19,P14,P16,P3,P6,P2,P20,P7,P10,P15,P1
129,Voter_130,P20,P19,P12,P15,P1,P13,P2,P10,P18,P3,P9,P14,P5,P4,P7,P17,P6,P8,P11,P16
130,Voter_131,P13,P10,P20,P12,P9,P7,P15,P6,P3,P8,P5,P14,P19,P1,P2,P17,P16,P4,P11,P18
131,Voter_132,P14,P10,P19,P13,P20,P12,P9,P16,P18,P2,P1,P17,P7,P15,P4,P11,P5,P6,P3,P8
132,Voter_133,P16,P2,P10,P1,P15,P17,P6,P5,P19,P12,P13,P7,P9,P14,P20,P3,P4,P11,P8,P18
133,Voter_134,P10,P20,P1,P6,P8,P15,P4,P12,P16,P5,P19,P9,P14,P13,P7,P18,P17,P3,P11,P2
134,Voter_135,P6,P14,P12,P16,P15,P3,P18,P5,P4,P1,P19,P9,P10,P2,P20,P11,P8,P17,P13,P7
135,Voter_136,P7,P16,P5,P18,P4,P3,P8,P11,P2,P20,P10,P6,P9,P13,P12,P19,P1,P14,P15,P17
136,Voter_137,P6,P12,P2,P4,P9,P14,P10,P19,P16,P1,P15,P20,P3,P18,P8,P5,P11,P17,P13,P7
137,Voter_138,P9,P5,P18,P7,P17,P12,P10,P20,P4,P2,P1,P13,P16,P11,P14,P6,P19,P8,P3,P15
138,Voter_139,P12,P19,P15,P1,P4,P6,P9,P5,P16,P11,P20,P18,P13,P17,P3,P14,P7,P8,P10,P2
139,Voter_140,P2,P5,P12,P4,P3,P14,P8,P20,P9,P16,P1,P13,P18,P15,P7,P10,P19,P6,P11,P17
140,Voter_141,P8,P7,P4,P18,P6,P1,P19,P3,P20,P14,P2,P10,P11,P16,P17,P12,P5,P15,P13,P9
141,Voter_142,P19,P5,P3,P8,P16,P11,P17,P9,P14,P20,P10,P13,P2,P4,P1,P15,P6,P12,P18,P7
142,Voter_143,P10,P9,P7,P12,P11,P6,P16,P2,P18,P4,P8,P19,P20,P15,P3,P13,P1,P14,P5,P17
143,Voter_144,P5,P14,P16,P13,P15,P17,P4,P9,P7,P1,P10,P2,P6,P11,P18,P19,P20,P3,P8,P12
144,Voter_145,P19,P2,P4,P5,P13,P16,P8,P12,P6,P18,P11,P10,P20,P7,P1,P17,P9,P14,P3,P15
145,Voter_146,P18,P14,P16,P19,P5,P6,P15,P11,P2,P1,P13,P3,P12,P10,P4,P9,P20,P8,P17,P7
146,Voter_147,P20,P10,P9,P7,P13,P8,P16,P4,P12,P14,P15,P19,P6,P5,P3,P17,P18,P1,P2,P11
147,Voter_148,P19,P2,P16,P3,P5,P20,P18,P4,P8,P7,P15,P14,P1,P17,P11,P9,P13,P6,P10,P12
148,Voter_149,P6,P11,P18,P1,P20,P15,P14,P12,P5,P10,P2,P16,P3,P19,P13,P4,P7,P17,P8,P9
149,Voter_150,P7,P5,P12,P19,P16,P13,P9,P6,P1,P10,P4,P14,P2,P3,P20,P15,P8,P17,P18,P11
150,Voter_151,P2,P18,P5,P7,P12,P14,P10,P17,P8,P19,P13,P1,P6,P11,P4,P16,P15,P20,P3,P9
151,Voter_152,P20,P6,P1,P10,P19,P11,P15,P7,P8,P13,P12,P14,P2,P16,P4,P17,P5,P3,P9,P18
152,Voter_153,P12,P2,P10,P14,P17,P8,P11,P13,P7,P5,P9,P16,P6,P18,P20,P3,P19,P1,P4,P15
153,Voter_154,P18,P14,P8,P7,P10,P19,P2,P12,P1,P11,P16,P13,P6,P3,P20,P17,P4,P15,P9,P5
154,Voter_155,P14,P19,P13,P11,P8,P2,P9,P17,P18,P15,P3,P6,P7,P16,P1,P10,P20,P4,P5,P12
155,Voter_156,P10,P6,P20,P9,P15,P8,P16,P5,P17,P7,P3,P18,P19,P4,P11,P14,P12,P2,P1,P13
156,Voter_157,P12,P10,P17,P9,P20,P16,P3,P8,P13,P19,P4,P7,P6,P11,P15,P2,P14,P5,P18,P1
157,Voter_158,P3,P10,P17,P13,P9,P18,P1,P20,P14,P19,P2,P11,P4,P16,P7,P6,P15,P5,P8,P12
158,Voter_159,P2,P20,P3,P6,P15,P10,P12,P17,P16,P5,P8,P14,P11,P13,P1,P7,P18,P4,P19,P9
159,Voter_160,P11,P4,P19,P18,P6,P20,P14,P2,P1,P13,P16,P5,P12,P9,P8,P7,P3,P15,P10,P17
160,Voter_161,P14,P5,P18,P3,P6,P12,P19,P20,P15,P10,P13,P11,P9,P7,P16,P8,P17,P4,P1,P2
161,Voter_162,P7,P16,P10,P20,P4,P6,P1,P19,P3,P8,P15,P11,P13,P18,P5,P12,P14,P2,P17,P9
162,Voter_163,P17,P8,P14,P3,P5,P18,P7,P19,P20,P2,P16,P13,P9,P6,P10,P1,P15,P11,P12,P4
163,Voter_164,P18,P3,P6,P8,P20,P12,P11,P7,P19,P10,P15,P5,P13,P14,P2,P4,P17,P16,P1,P9
164,Voter_165,P5,P18,P19,P20,P6,P9,P15,P7,P14,P12,P4,P8,P13,P11,P10,P17,P2,P3,P16,P1
165,Voter_166,P12,P8,P1,P16,P13,P17,P7,P4,P5,P18,P20,P11,P3,P9,P15,P6,P10,P14,P2,P19
166,Voter_167,P16,P15,P5,P13,P2,P20,P7,P10,P18,P19,P11,P17,P1,P6,P3,P14,P4,P12,P9,P8
167,Voter_168,P6,P7,P10,P19,P12,P17,P15,P9,P18,P1,P2,P5,P11,P8,P3,P4,P14,P20,P16,P13
168,Voter_169,P9,P5,P1,P12,P17,P19,P4,P10,P18,P15,P16,P14,P13,P20,P3,P7,P2,P8,P6,P11
169,Voter_170,P12,P17,P1,P6,P14,P20,P5,P2,P7,P3,P16,P11,P13,P19,P15,P8,P10,P18,P9,P4
170,Voter_171,P3,P20,P18,P2,P14,P19,P13,P1,P12,P15,P9,P4,P5,P7,P8,P16,P6,P11,P17,P10
171,Voter_172,P12,P20,P16,P6,P3,P7,P14,P8,P17,P10,P5,P11,P1,P4,P15,P18,P19,P2,P13,P9
172,Voter_173,P14,P17,P10,P4,P16,P13,P8,P19,P12,P20,P15,P7,P11,P3,P18,P2,P9,P6,P1,P5
173,Voter_174,P19,P8,P3,P12,P4,P20,P13,P16,P15,P1,P7,P5,P17,P2,P18,P10,P14,P9,P11,P6
174,Voter_175,P13,P18,P17,P9,P16,P20,P8,P10,P3,P11,P2,P19,P12,P7,P1,P15,P14,P4,P5,P6
175,Voter_176,P11,P14,P3,P13,P2,P12,P10,P5,P6,P18,P17,P20,P7,P16,P9,P15,P4,P19,P1,P8
176,Voter_177,P19,P14,P1,P11,P15,P16,P5,P6,P4,P20,P12,P17,P2,P8,P18,P7,P10,P13,P3,P9
177,Voter_178,P13,P16,P14,P10,P12,P4,P8,P7,P1,P9,P11,P20,P2,P3,P5,P15,P6,P18,P17,P19
178,Voter_179,P5,P10,P19,P3,P13,P1,P18,P6,P15,P4,P11,P2,P12,P16,P14,P7,P8,P20,P9,P17
179,Voter_180,P15,P17,P19,P13,P7,P1,P9,P4,P14,P11,P2,P6,P16,P18,P10,P3,P8,P5,P20,P12
180,Voter_181,P20,P12,P2,P13,P15,P4,P8,P19,P18,P1,P3,P9,P11,P14,P17,P7,P10,P6,P16,P5
181,Voter_182,P4,P2,P11,P10,P8,P13,P14,P20,P3,P19,P9,P12,P16,P17,P1,P15,P18,P7,P6,P5
182,Voter_183,P16,P19,P4,P14,P20,P8,P15,P10,P7,P2,P6,P17,P18,P5,P12,P3,P13,P11,P9,P1
183,Voter_184,P16,P1,P14,P9,P11,P8,P18,P5,P7,P15,P6,P3,P13,P12,P10,P17,P4,P19,P2,P20
184,Voter_185,P12,P19,P11,P2,P13,P9,P6,P20,P3,P17,P4,P1,P10,P14,P18,P16,P5,P7,P8,P15
185,Voter_186,P1,P5,P17,P3,P9,P11,P12,P4,P18,P15,P20,P16,P14,P7,P19,P6,P2,P13,P10,P8
186,Voter_187,P9,P14,P12,P8,P18,P3,P7,P20,P10,P13,P2,P16,P5,P4,P17,P1,P11,P15,P6,P19
187,Voter_188,P8,P12,P2,P3,P9,P5,P16,P11,P4,P7,P15,P6,P1,P19,P13,P17,P20,P18,P14,P10
188,Voter_189,P15,P4,P11,P6,P19,P17,P14,P16,P18,P5,P12,P3,P2,P13,P7,P1,P20,P10,P8,P9
189,Voter_190,P17,P3,P5,P15,P19,P14,P4,P8,P20,P6,P9,P1,P2,P12,P18,P7,P16,P11,P10,P13
190,Voter_191,P20,P13,P4,P11,P5,P1,P8,P16,P3,P9,P17,P18,P15,P7,P14,P6,P2,P19,P10,P12
191,Voter_192,P9,P14,P2,P11,P3,P18,P15,P8,P5,P17,P1,P12,P16,P20,P6,P4,P13,P19,P7,P10
192,Voter_193,P16,P2,P14,P13,P3,P15,P18,P20,P10,P6,P8,P1,P17,P12,P9,P5,P19,P4,P7,P11
193,Voter_194,P7,P11,P13,P8,P15,P17,P6,P14,P20,P19,P2,P9,P16,P5,P3,P1,P18,P12,P10,P4
194,Voter_195,P17,P13,P3,P2,P9,P1,P12,P15,P5,P20,P6,P16,P8,P14,P19,P10,P18,P7,P4,P11
195,Voter_196,P17,P19,P2,P5,P14,P4,P16,P7,P12,P3,P11,P1,P6,P9,P18,P8,P15,P20,P10,P13
196,Voter_197,P19,P8,P10,P11,P7,P16,P18,P14,P20,P2,P1,P17,P3,P12,P9,P4,P5,P13,P15,P6
197,Voter_198,P20,P4,P17,P5,P8,P2,P13,P15,P7,P14,P19,P9,P1,P12,P6,P11,P10,P16,P3,P18
198,Voter_199,P10,P19,P5,P15,P14,P18,P17,P13,P12,P3,P2,P4,P11,P9,P8,P6,P20,P1,P7,P16
199,Voter_200,P9,P12,P3,P4,P17,P10,P18,P13,P20,P14,P7,P8,P5,P15,P16,P6,P2,P11,P1,P19
200,Voter_201,P20,P13,P9,P11,P4,P19,P1,P3,P7,P5,P6,P8,P12,P14,P16,P10,P2,P15,P18,P17
201,Voter_202,P12,P16,P10,P5,P7,P9,P17,P11,P2,P3,P13,P18,P1,P8,P19,P20,P14,P4,P15,P6
202,Voter_203,P7,P18,P11,P5,P14,P2,P10,P9,P1,P20,P13,P8,P12,P17,P15,P3,P16,P19,P6,P4
203,Voter_204,P12,P3,P20,P17,P4,P2,P19,P15,P14,P7,P1,P10,P16,P5,P18,P13,P8,P11,P6,P9
204,Voter_205,P2,P5,P4,P12,P20,P7,P13,P11,P10,P1,P9,P16,P18,P19,P3,P15,P17,P6,P14,P8
205,Voter_206,P14,P19,P20,P17,P13,P15,P4,P8,P16,P10,P18,P2,P5,P9,P3,P7,P1,P12,P6,P11
206,Voter_207,P20,P6,P4,P19,P14,P13,P15,P9,P10,P16,P17,P18,P5,P11,P1,P7,P3,P8,P12,P2
207,Voter_208,P8,P7,P6,P13,P17,P10,P19,P16,P5,P20,P9,P11,P1,P14,P2,P18,P4,P12,P15,P3
208,Voter_209,P7,P2,P4,P6,P1,P16,P3,P8,P20,P13,P9,P11,P19,P15,P5,P10,P17,P14,P12,P18
209,Voter_210,P13,P5,P1,P10,P7,P20,P14,P4,P9,P6,P15,P19,P16,P2,P17,P3,P11,P18,P8,P12
210,Voter_211,P18,P2,P10,P13,P1,P11,P17,P12,P20,P8,P4,P16,P5,P9,P15,P19,P3,P6,P14,P7
211,Voter_212,P20,P14,P6,P13,P9,P3,P11,P17,P5,P1,P10,P16,P18,P12,P8,P4,P15,P7,P2,P19
212,Voter_213,P13,P17,P8,P5,P20,P6,P7,P15,P18,P16,P19,P2,P1,P10,P12,P9,P11,P4,P3,P14
213,Voter_214,P1,P5,P19,P18,P17,P13,P12,P6,P10,P11,P15,P2,P3,P4,P16,P7,P14,P9,P8,P20
214,Voter_215,P19,P12,P2,P15,P7,P8,P20,P6,P4,P14,P17,P18,P9,P3,P1,P13,P5,P16,P10,P11
215,Voter_216,P18,P7,P10,P19,P5,P8,P11,P3,P6,P20,P16,P17,P14,P15,P4,P12,P9,P13,P1,P2
216,Voter_217,P2,P7,P6,P17,P1,P9,P10,P20,P13,P14,P8,P5,P18,P15,P16,P12,P11,P3,P19,P4
217,Voter_218,P10,P16,P18,P11,P4,P19,P14,P20,P7,P8,P12,P2,P9,P13,P6,P17,P15,P1,P5,P3
218,Voter_219,P20,P16,P18,P14,P6,P2,P4,P3,P9,P7,P12,P15,P11,P17,P8,P10,P19,P13,P5,P1
219,Voter_220,P6,P12,P14,P16,P4,P3,P5,P13,P19,P1,P8,P18,P7,P20,P2,P10,P15,P9,P17,P11
220,Voter_221,P9,P10,P5,P6,P4,P1,P11,P12,P14,P17,P20,P3,P7,P13,P2,P18,P16,P8,P15,P19
221,Voter_222,P12,P18,P14,P15,P17,P2,P11,P16,P19,P6,P1,P10,P8,P13,P4,P20,P5,P3,P7,P9
222,Voter_223,P2,P12,P9,P18,P6,P20,P5,P17,P16,P19,P8,P3,P1,P15,P13,P14,P7,P11,P10,P4
223,Voter_224,P12,P18,P17,P6,P20,P19,P16,P13,P8,P15,P2,P3,P7,P5,P1,P11,P14,P4,P10,P9
224,Voter_225,P18,P20,P7,P17,P15,P14,P12,P3,P2,P13,P4,P9,P19,P5,P6,P16,P11,P10,P1,P8
225,Voter_226,P3,P20,P7,P12,P17,P10,P14,P16,P11,P19,P8,P18,P5,P1,P15,P2,P13,P6,P9,P4
226,Voter_227,P9,P2,P17,P16,P19,P14,P11,P1,P8,P6,P18,P3,P15,P7,P12,P5,P10,P20,P4,P13
227,Voter_228,P19,P3,P16,P10,P8,P5,P18,P6,P12,P14,P1,P11,P13,P4,P20,P2,P17,P15,P9,P7
228,Voter_229,P20,P11,P2,P3,P1,P13,P17,P8,P15,P5,P6,P12,P18,P19,P7,P16,P4,P9,P14,P10
229,Voter_230,P20,P5,P13,P8,P14,P3,P18,P17,P2,P9,P6,P19,P4,P15,P12,P11,P7,P1,P16,P10
230,Voter_231,P14,P19,P17,P18,P10,P8,P9,P5,P12,P11,P15,P4,P3,P13,P20,P7,P2,P1,P16,P6
231,Voter_232,P9,P12,P11,P19,P14,P13,P20,P5,P16,P18,P3,P6,P10,P17,P2,P4,P1,P8,P15,P7
232,Voter_233,P5,P1,P16,P15,P20,P12,P3,P10,P8,P14,P2,P7,P19,P17,P4,P13,P11,P6,P18,P9
233,Voter_234,P20,P10,P16,P19,P4,P8,P12,P17,P11,P3,P13,P2,P14,P18,P9,P5,P6,P7,P1,P15
234,Voter_235,P9,P8,P1,P5,P16,P6,P3,P13,P19,P14,P2,P17,P12,P10,P15,P7,P20,P4,P18,P11
235,Voter_236,P13,P18,P3,P16,P12,P1,P9,P2,P14,P20,P19,P4,P17,P7,P11,P6,P15,P8,P5,P10
236,Voter_237,P2,P5,P16,P15,P7,P6,P3,P12,P14,P1,P10,P8,P11,P4,P9,P18,P17,P20,P19,P13
237,Voter_238,P19,P16,P15,P5,P7,P8,P20,P14,P13,P12,P9,P1,P4,P10,P3,P18,P6,P2,P17,P11
238,Voter_239,P9,P15,P18,P17,P5,P6,P4,P19,P20,P14,P11,P1,P12,P16,P7,P3,P8,P10,P2,P13
239,Voter_240,P13,P16,P19,P3,P6,P1,P4,P9,P2,P5,P14,P7,P11,P18,P17,P20,P12,P15,P10,P8
240,Voter_241,P11,P2,P19,P7,P3,P1,P15,P9,P6,P14,P12,P18,P16,P5,P13,P20,P17,P4,P10,P8
241,Voter_242,P10,P11,P13,P3,P20,P8,P14,P6,P19,P5,P15,P4,P17,P12,P18,P9,P1,P7,P2,P16
242,Voter_243,P19,P4,P12,P15,P10,P18,P3,P13,P9,P17,P14,P5,P7,P1,P8,P2,P16,P6,P20,P11
243,Voter_244,P1,P10,P5,P3,P15,P14,P7,P9,P19,P2,P18,P8,P4,P17,P16,P20,P6,P12,P11,P13
244,Voter_245,P16,P14,P12,P19,P18,P8,P7,P3,P15,P10,P6,P9,P13,P1,P4,P5,P2,P17,P20,P11
245,Voter_246,P8,P10,P20,P2,P19,P17,P11,P13,P7,P16,P15,P4,P9,P3,P18,P12,P14,P5,P6,P1
246,Voter_247,P19,P7,P11,P12,P1,P8,P4,P13,P17,P3,P16,P9,P14,P15,P20,P2,P10,P5,P6,P18
247,Voter_248,P8,P18,P7,P10,P3,P2,P12,P13,P16,P20,P19,P1,P15,P4,P6,P5,P17,P14,P11,P9
248,Voter_249,P19,P10,P11,P7,P16,P9,P17,P18,P13,P1,P6,P3,P8,P12,P15,P14,P5,P4,P20,P2
249,Voter_250,P9,P11,P2,P19,P16,P13,P14,P6,P7,P10,P8,P20,P5,P12,P4,P1,P18,P15,P17,P3
250,Voter_251,P9,P10,P13,P8,P11,P14,P6,P15,P2,P3,P12,P16,P19,P5,P1,P7,P4,P20,P17,P18
251,Voter_252,P3,P2,P4,P13,P5,P8,P14,P10,P11,P18,P6,P19,P20,P16,P15,P1,P17,P9,P7,P12
252,Voter_253,P13,P1,P6,P19,P18,P9,P5,P12,P4,P15,P2,P7,P8,P3,P10,P20,P11,P17,P16,P14
253,Voter_254,P15,P17,P20,P4,P19,P3,P18,P13,P6,P9,P8,P12,P16,P1,P5,P11,P7,P10,P14,P2
254,Voter_255,P4,P15,P18,P1,P6,P2,P3,P12,P16,P9,P20,P13,P10,P8,P5,P17,P14,P7,P19,P11
255,Voter_256,P7,P14,P16,P15,P9,P5,P18,P6,P1,P2,P10,P11,P3,P17,P20,P13,P8,P19,P4,P12
256,Voter_257,P18,P8,P1,P13,P11,P20,P17,P14,P6,P16,P19,P15,P7,P4,P10,P2,P3,P9,P12,P5
257,Voter_258,P19,P7,P17,P11,P6,P13,P2,P1,P4,P3,P5,P16,P12,P8,P9,P20,P10,P14,P18,P15
258,Voter_259,P13,P2,P16,P9,P12,P19,P7,P15,P6,P17,P14,P10,P8,P11,P4,P5,P20,P18,P3,P1
259,Voter_260,P11,P14,P20,P1,P10,P9,P12,P13,P19,P17,P5,P3,P8,P4,P7,P15,P6,P2,P18,P16
260,Voter_261,P8,P19,P16,P7,P9,P5,P15,P12,P11,P1,P17,P10,P6,P14,P18,P4,P3,P20,P13,P2
261,Voter_262,P10,P14,P20,P13,P3,P6,P19,P15,P2,P4,P7,P5,P1,P8,P18,P16,P12,P11,P17,P9
262,Voter_263,P7,P12,P10,P1,P20,P8,P4,P11,P6,P3,P5,P13,P2,P16,P17,P19,P15,P14,P18,P9
263,Voter_264,P4,P18,P16,P11,P2,P15,P19,P8,P9,P3,P12,P17,P10,P7,P6,P14,P13,P20,P5,P1
264,Voter_265,P19,P9,P8,P18,P16,P1,P5,P2,P12,P14,P6,P20,P4,P15,P3,P17,P7,P10,P13,P11
265,Voter_266,P4,P12,P10,P20,P13,P7,P19,P11,P8,P6,P3,P16,P15,P1,P17,P14,P18,P9,P2,P5
266,Voter_267,P8,P13,P20,P12,P2,P7,P19,P10,P11,P5,P16,P9,P6,P15,P18,P3,P14,P4,P17,P1
267,Voter_268,P3,P6,P8,P18,P16,P1,P7,P12,P14,P20,P19,P13,P4,P17,P9,P2,P11,P15,P5,P10
268,Voter_269,P2,P20,P1,P16,P13,P3,P19,P8,P17,P5,P7,P15,P11,P9,P14,P6,P12,P4,P10,P18
269,Voter_270,P13,P7,P5,P3,P18,P1,P4,P10,P14,P2,P17,P12,P11,P6,P8,P15,P9,P16,P19,P20
270,Voter_271,P2,P13,P1,P7,P19,P10,P18,P17,P4,P15,P9,P3,P6,P20,P12,P16,P14,P5,P11,P8
271,Voter_272,P19,P11,P9,P6,P3,P1,P18,P12,P7,P20,P10,P5,P17,P2,P15,P8,P4,P16,P13,P14
272,Voter_273,P5,P1,P11,P20,P7,P17,P14,P19,P18,P10,P9,P3,P15,P12,P4,P8,P2,P16,P6,P13
273,Voter_274,P5,P9,P20,P18,P17,P14,P12,P7,P19,P2,P6,P3,P13,P8,P16,P4,P15,P1,P11,P10
274,Voter_275,P2,P17,P7,P20,P11,P4,P12,P13,P15,P3,P16,P19,P18,P10,P8,P1,P9,P6,P5,P14
275,Voter_276,P14,P13,P1,P4,P11,P6,P18,P10,P15,P5,P9,P19,P8,P3,P7,P2,P12,P17,P16,P20
276,Voter_277,P20,P6,P4,P17,P19,P3,P12,P8,P10,P18,P15,P7,P2,P1,P14,P16,P5,P9,P13,P11
277,Voter_278,P19,P1,P9,P18,P10,P7,P11,P17,P5,P4,P2,P14,P13,P8,P12,P16,P3,P15,P6,P20
278,Voter_279,P19,P16,P20,P2,P11,P7,P8,P10,P9,P17,P12,P18,P13,P3,P4,P5,P14,P15,P6,P1
279,Voter_280,P13,P14,P8,P4,P7,P15,P11,P12,P6,P5,P10,P18,P9,P16,P2,P17,P20,P1,P19,P3
280,Voter_281,P12,P3,P7,P16,P11,P13,P18,P19,P20,P15,P1,P5,P9,P8,P17,P6,P14,P10,P4,P2
281,Voter_282,P1,P15,P2,P12,P16,P17,P3,P18,P20,P9,P5,P6,P4,P7,P10,P14,P19,P8,P13,P11
282,Voter_283,P8,P1,P16,P4,P14,P13,P12,P9,P7,P11,P10,P20,P2,P17,P19,P15,P3,P18,P6,P5
283,Voter_284,P11,P7,P2,P18,P17,P1,P16,P10,P6,P14,P20,P8,P4,P12,P3,P13,P15,P9,P19,P5
284,Voter_285,P13,P14,P19,P16,P20,P10,P12,P18,P2,P17,P9,P7,P11,P4,P6,P3,P1,P5,P8,P15
285,Voter_286,P4,P14,P15,P9,P12,P2,P20,P1,P11,P7,P5,P18,P10,P17,P3,P6,P8,P16,P13,P19
286,Voter_287,P13,P7,P3,P4,P14,P20,P15,P17,P6,P5,P10,P9,P8,P19,P16,P18,P12,P2,P1,P11
287,Voter_288,P7,P11,P15,P18,P2,P6,P8,P19,P10,P12,P9,P4,P5,P14,P3,P17,P20,P13,P16,P1
288,Voter_289,P2,P9,P12,P10,P17,P13,P8,P11,P14,P7,P6,P20,P1,P4,P15,P5,P19,P3,P18,P16
289,Voter_290,P5,P9,P16,P20,P8,P1,P19,P14,P18,P17,P11,P2,P10,P13,P4,P3,P7,P6,P15,P12
290,Voter_291,P6,P3,P17,P2,P5,P8,P16,P14,P15,P10,P13,P1,P18,P9,P4,P12,P20,P7,P11,P19
291,Voter_292,P9,P13,P16,P11,P3,P12,P5,P6,P20,P7,P17,P19,P15,P8,P10,P4,P18,P14,P2,P1
292,Voter_293,P8,P7,P18,P5,P16,P19,P20,P14,P6,P10,P12,P3,P15,P9,P13,P1,P4,P2,P17,P11
293,Voter_294,P17,P5,P2,P10,P15,P7,P13,P16,P11,P8,P14,P4,P19,P9,P6,P12,P1,P18,P3,P20
294,Voter_295,P16,P19,P7,P15,P14,P9,P5,P17,P11,P4,P6,P2,P12,P8,P1,P13,P18,P3,P20,P10
295,Voter_296,P13,P15,P1,P3,P8,P5,P10,P11,P17,P9,P18,P12,P6,P19,P4,P16,P7,P14,P2,P20
296,Voter_297,P19,P13,P16,P12,P17,P6,P9,P3,P15,P4,P11,P8,P1,P10,P14,P2,P7,P20,P18,P5
297,Voter_298,P18,P15,P20,P17,P4,P9,P2,P16,P3,P7,P14,P5,P13,P1,P10,P19,P12,P6,P8,P11
298,Voter_299,P6,P4,P9,P10,P3,P18,P13,P8,P14,P1,P19,P17,P12,P15,P2,P5,P7,P20,P16,P11
299,Voter_300,P5,P11,P8,P20,P18,P1,P17,P3,P14,P2,P4,P16,P15,P6,P19,P12,P13,P10,P9,P7
300,Voter_301,P15,P17,P13,P1,P18,P4,P16,P6,P14,P9,P10,P19,P2,P12,P20,P11,P3,P7,P8,P5
301,Voter_302,P14,P5,P9,P3,P16,P19,P8,P13,P11,P4,P6,P12,P2,P20,P18,P7,P1,P15,P17,P10
302,Voter_303,P10,P17,P4,P16,P15,P5,P8,P3,P20,P19,P9,P14,P2,P7,P1,P13,P11,P6,P12,P18
303,Voter_304,P11,P8,P1,P20,P13,P17,P6,P2,P18,P9,P19,P16,P4,P14,P7,P3,P12,P15,P10,P5
304,Voter_305,P12,P19,P7,P2,P1,P16,P20,P6,P18,P11,P4,P15,P9,P10,P5,P8,P17,P3,P13,P14
305,Voter_306,P6,P7,P11,P12,P2,P20,P1,P18,P3,P14,P5,P13,P15,P19,P10,P9,P16,P17,P4,P8
306,Voter_307,P15,P11,P5,P17,P14,P1,P8,P12,P7,P18,P6,P16,P20,P13,P19,P10,P9,P4,P3,P2
307,Voter_308,P5,P4,P14,P12,P9,P18,P10,P6,P15,P7,P16,P19,P13,P17,P20,P2,P8,P11,P1,P3
308,Voter_309,P7,P15,P17,P5,P11,P19,P3,P6,P14,P18,P2,P1,P4,P20,P8,P12,P13,P9,P16,P10
309,Voter_310,P5,P6,P8,P13,P18,P17,P2,P12,P10,P3,P19,P16,P20,P11,P14,P15,P4,P1,P7,P9
310,Voter_311,P4,P18,P5,P13,P10,P20,P9,P7,P15,P16,P14,P8,P17,P1,P19,P12,P11,P6,P2,P3
311,Voter_312,P9,P16,P3,P7,P11,P5,P12,P17,P1,P14,P19,P20,P10,P15,P4,P2,P13,P18,P8,P6
312,Voter_313,P1,P17,P12,P8,P6,P9,P13,P14,P3,P7,P19,P18,P11,P10,P15,P2,P5,P20,P4,P16
313,Voter_314,P18,P12,P3,P14,P16,P5,P7,P20,P15,P1,P9,P4,P17,P2,P11,P8,P6,P13,P19,P10
314,Voter_315,P18,P16,P11,P9,P1,P20,P10,P3,P8,P5,P12,P14,P17,P19,P7,P2,P6,P15,P13,P4
315,Voter_316,P6,P5,P17,P16,P10,P13,P1,P20,P19,P12,P2,P14,P9,P18,P4,P15,P3,P8,P7,P11
316,Voter_317,P9,P15,P14,P8,P20,P11,P1,P12,P3,P6,P7,P19,P18,P13,P16,P17,P10,P4,P2,P5
317,Voter_318,P12,P17,P18,P4,P20,P14,P10,P9,P1,P19,P5,P13,P3,P2,P7,P8,P6,P16,P11,P15
318,Voter_319,P1,P8,P17,P15,P9,P10,P14,P6,P13,P3,P19,P2,P18,P7,P4,P11,P12,P20,P5,P16
319,Voter_320,P17,P19,P4,P2,P5,P9,P10,P15,P13,P1,P12,P18,P16,P3,P6,P7,P20,P8,P11,P14
320,Voter_321,P7,P19,P20,P15,P14,P13,P17,P4,P3,P11,P5,P8,P1,P2,P6,P16,P12,P9,P18,P10
321,Voter_322,P2,P20,P18,P17,P13,P10,P9,P16,P5,P19,P12,P6,P8,P7,P3,P4,P14,P1,P15,P11
322,Voter_323,P3,P16,P11,P2,P15,P5,P8,P20,P14,P18,P17,P12,P7,P1,P13,P19,P9,P10,P6,P4
323,Voter_324,P20,P9,P16,P12,P13,P18,P2,P6,P19,P7,P1,P5,P17,P15,P3,P10,P4,P14,P8,P11
324,Voter_325,P10,P13,P1,P17,P11,P6,P19,P3,P9,P16,P12,P18,P2,P14,P7,P5,P15,P20,P8,P4
325,Voter_326,P10,P13,P12,P20,P18,P8,P1,P7,P16,P3,P11,P15,P14,P4,P2,P6,P17,P5,P19,P9
326,Voter_327,P2,P10,P16,P9,P3,P11,P6,P14,P20,P18,P5,P1,P7,P17,P15,P12,P8,P4,P13,P19
327,Voter_328,P12,P16,P5,P19,P4,P11,P17,P2,P9,P1,P10,P3,P14,P20,P15,P8,P6,P7,P13,P18
328,Voter_329,P6,P4,P19,P14,P3,P15,P17,P7,P1,P13,P10,P20,P11,P18,P9,P12,P16,P8,P5,P2
329,Voter_330,P17,P6,P12,P14,P20,P11,P16,P8,P9,P19,P7,P13,P4,P5,P3,P10,P15,P2,P1,P18
330,Voter_331,P6,P11,P9,P3,P7,P20,P8,P1,P12,P16,P18,P14,P15,P5,P10,P17,P2,P13,P19,P4
331,Voter_332,P3,P13,P1,P18,P7,P12,P16,P9,P19,P20,P4,P5,P2,P8,P17,P10,P14,P6,P11,P15
332,Voter_333,P19,P7,P17,P13,P18,P1,P6,P11,P8,P5,P12,P14,P10,P15,P20,P3,P2,P9,P4,P16
333,Voter_334,P2,P15,P9,P11,P5,P8,P19,P17,P6,P16,P3,P18,P13,P4,P12,P7,P1,P14,P20,P10
334,Voter_335,P13,P19,P7,P4,P5,P6,P3,P17,P8,P20,P9,P18,P15,P16,P1,P12,P2,P10,P14,P11
335,Voter_336,P2,P1,P3,P14,P8,P13,P12,P6,P10,P7,P16,P11,P9,P5,P15,P19,P18,P4,P20,P17
336,Voter_337,P2,P10,P11,P6,P4,P16,P3,P14,P9,P12,P13,P17,P19,P5,P15,P7,P8,P20,P1,P18
337,Voter_338,P15,P9,P12,P1,P19,P4,P2,P7,P17,P20,P18,P14,P10,P6,P13,P3,P16,P5,P11,P8
338,Voter_339,P14,P4,P7,P16,P5,P19,P15,P17,P20,P2,P18,P13,P11,P3,P1,P6,P9,P10,P12,P8
339,Voter_340,P10,P17,P16,P18,P13,P4,P15,P19,P7,P14,P1,P6,P11,P8,P9,P20,P2,P3,P12,P5
340,Voter_341,P16,P17,P8,P18,P9,P10,P6,P5,P14,P15,P19,P11,P3,P13,P1,P20,P7,P4,P12,P2
341,Voter_342,P15,P13,P1,P10,P18,P4,P5,P2,P17,P9,P8,P16,P14,P20,P12,P11,P19,P6,P7,P3
342,Voter_343,P2,P5,P10,P8,P20,P7,P3,P12,P13,P17,P18,P6,P9,P1,P14,P4,P16,P19,P15,P11
343,Voter_344,P19,P4,P12,P6,P13,P17,P18,P8,P3,P11,P16,P10,P7,P15,P2,P5,P1,P20,P9,P14
344,Voter_345,P1,P11,P10,P3,P12,P20,P17,P8,P5,P9,P7,P16,P6,P19,P13,P18,P15,P4,P2,P14
345,Voter_346,P20,P8,P14,P17,P15,P9,P7,P12,P5,P11,P2,P10,P16,P13,P1,P19,P18,P6,P3,P4
346,Voter_347,P6,P20,P4,P17,P19,P7,P13,P5,P1,P10,P8,P14,P15,P16,P18,P12,P2,P3,P11,P9
347,Voter_348,P7,P15,P20,P11,P17,P19,P2,P8,P6,P13,P14,P18,P4,P12,P16,P1,P10,P5,P9,P3
348,Voter_349,P15,P6,P13,P5,P9,P2,P1,P14,P4,P3,P16,P7,P19,P12,P17,P8,P20,P10,P11,P18
349,Voter_350,P16,P2,P1,P6,P4,P3,P11,P13,P12,P19,P10,P7,P18,P9,P15,P20,P14,P17,P5,P8
350,Voter_351,P10,P6,P16,P7,P12,P2,P17,P8,P9,P3,P14,P5,P11,P1,P19,P4,P20,P18,P13,P15
351,Voter_352,P11,P20,P8,P6,P12,P15,P2,P9,P13,P16,P19,P4,P1,P5,P18,P7,P3,P10,P14,P17
352,Voter_353,P7,P19,P17,P14,P18,P16,P4,P5,P10,P6,P2,P8,P11,P12,P9,P3,P15,P13,P20,P1
353,Voter_354,P6,P10,P12,P11,P4,P1,P16,P19,P8,P20,P13,P3,P17,P18,P2,P9,P5,P15,P14,P7
354,Voter_355,P11,P14,P20,P6,P16,P4,P10,P15,P12,P8,P18,P19,P1,P7,P13,P17,P2,P5,P9,P3
355,Voter_356,P9,P1,P8,P20,P16,P4,P15,P13,P10,P11,P3,P17,P12,P18,P14,P19,P5,P6,P2,P7
356,Voter_357,P1,P11,P14,P19,P5,P3,P18,P10,P15,P20,P8,P13,P7,P2,P17,P6,P12,P4,P16,P9
357,Voter_358,P19,P1,P14,P18,P9,P11,P4,P12,P20,P5,P13,P17,P2,P8,P6,P15,P7,P10,P16,P3
358,Voter_359,P13,P4,P9,P3,P16,P20,P18,P7,P6,P2,P15,P5,P14,P8,P12,P10,P19,P11,P17,P1
359,Voter_360,P4,P5,P18,P17,P2,P11,P8,P19,P15,P14,P3,P9,P20,P16,P12,P7,P10,P13,P6,P1
360,Voter_361,P6,P13,P3,P15,P1,P11,P8,P7,P20,P17,P4,P14,P12,P19,P5,P2,P10,P16,P9,P18
361,Voter_362,P13,P2,P5,P19,P10,P9,P4,P15,P20,P3,P14,P7,P11,P12,P8,P17,P1,P6,P16,P18
362,Voter_363,P8,P15,P19,P20,P11,P7,P6,P5,P2,P3,P4,P16,P13,P10,P12,P9,P18,P14,P1,P17
363,Voter_364,P7,P20,P6,P17,P10,P14,P11,P9,P18,P4,P15,P2,P1,P12,P19,P13,P16,P3,P5,P8
364,Voter_365,P18,P2,P4,P17,P6,P13,P7,P3,P15,P10,P5,P11,P8,P14,P1,P20,P19,P12,P16,P9
365,Voter_366,P2,P16,P18,P13,P17,P14,P20,P11,P9,P1,P12,P8,P19,P15,P6,P3,P10,P5,P4,P7
366,Voter_367,P4,P10,P18,P12,P11,P20,P3,P6,P14,P15,P2,P9,P7,P1,P17,P16,P19,P8,P13,P5
367,Voter_368,P3,P7,P5,P16,P4,P1,P17,P6,P18,P12,P13,P11,P2,P15,P14,P10,P19,P8,P9,P20
368,Voter_369,P10,P2,P19,P15,P7,P14,P6,P9,P11,P13,P18,P5,P8,P4,P16,P1,P3,P17,P20,P12
369,Voter_370,P7,P10,P19,P15,P4,P17,P14,P1,P20,P11,P8,P18,P16,P13,P3,P5,P9,P6,P2,P12
370,Voter_371,P3,P10,P12,P8,P7,P9,P19,P16,P5,P17,P4,P13,P14,P6,P1,P20,P2,P11,P18,P15
371,Voter_372,P17,P5,P19,P20,P12,P15,P1,P9,P11,P18,P10,P2,P6,P3,P4,P14,P13,P8,P16,P7
372,Voter_373,P4,P3,P8,P17,P15,P2,P13,P16,P1,P5,P7,P20,P9,P6,P18,P12,P19,P11,P10,P14
373,Voter_374,P20,P10,P15,P4,P13,P6,P7,P18,P12,P8,P17,P11,P5,P19,P16,P1,P9,P14,P2,P3
374,Voter_375,P3,P8,P15,P4,P20,P14,P19,P7,P11,P2,P17,P5,P13,P1,P10,P18,P12,P9,P6,P16
375,Voter_376,P2,P13,P16,P6,P20,P3,P1,P11,P5,P4,P18,P14,P15,P19,P7,P8,P9,P17,P10,P12
376,Voter_377,P14,P17,P16,P4,P6,P13,P5,P18,P15,P1,P20,P8,P9,P7,P19,P10,P3,P2,P11,P12
377,Voter_378,P18,P6,P8,P19,P5,P13,P14,P12,P20,P2,P1,P10,P16,P17,P3,P15,P4,P7,P11,P9
378,Voter_379,P15,P7,P4,P13,P19,P2,P16,P11,P1,P3,P17,P8,P9,P5,P18,P12,P14,P6,P20,P10
379,Voter_380,P14,P5,P18,P7,P20,P10,P8,P13,P17,P16,P3,P4,P2,P1,P11,P9,P12,P6,P19,P15
380,Voter_381,P14,P4,P16,P7,P1,P10,P13,P15,P3,P11,P5,P17,P9,P6,P12,P2,P18,P8,P20,P19
381,Voter_382,P9,P7,P1,P14,P13,P15,P4,P18,P17,P16,P2,P3,P6,P5,P10,P12,P8,P19,P20,P11
382,Voter_383,P5,P10,P8,P19,P6,P2,P4,P16,P3,P17,P11,P14,P12,P13,P1,P20,P7,P9,P18,P15
383,Voter_384,P8,P4,P7,P13,P12,P2,P19,P6,P1,P16,P10,P17,P3,P15,P11,P20,P5,P9,P18,P14
384,Voter_385,P3,P8,P2,P19,P13,P4,P1,P14,P16,P10,P18,P12,P17,P6,P5,P20,P7,P15,P9,P11
385,Voter_386,P10,P14,P8,P12,P11,P6,P20,P18,P17,P13,P3,P2,P15,P5,P19,P7,P4,P1,P16,P9
386,Voter_387,P19,P6,P11,P1,P2,P4,P9,P20,P14,P13,P8,P12,P7,P16,P18,P3,P5,P17,P10,P15
387,Voter_388,P20,P16,P17,P9,P18,P14,P8,P2,P3,P19,P13,P4,P1,P6,P11,P5,P10,P15,P12,P7
388,Voter_389,P18,P19,P1,P11,P20,P9,P6,P10,P4,P2,P7,P15,P13,P5,P12,P8,P14,P16,P3,P17
389,Voter_390,P4,P8,P1,P10,P16,P20,P3,P15,P19,P2,P9,P12,P11,P6,P17,P14,P18,P13,P7,P5
390,Voter_391,P19,P11,P5,P14,P6,P4,P16,P12,P7,P20,P9,P17,P3,P10,P18,P15,P8,P1,P2,P13
391,Voter_392,P8,P1,P17,P3,P2,P6,P7,P12,P16,P14,P18,P10,P4,P5,P13,P11,P9,P20,P19,P15
392,Voter_393,P18,P20,P7,P17,P19,P16,P15,P8,P6,P9,P12,P3,P10,P4,P5,P13,P14,P11,P1,P2
393,Voter_394,P8,P14,P1,P7,P6,P20,P2,P9,P13,P4,P15,P3,P10,P17,P11,P19,P16,P18,P5,P12
394,Voter_395,P9,P2,P17,P10,P5,P1,P4,P12,P18,P8,P11,P13,P20,P19,P14,P6,P15,P16,P7,P3
395,Voter_396,P15,P5,P4,P19,P3,P8,P1,P16,P20,P13,P14,P9,P17,P11,P12,P18,P6,P7,P10,P2
396,Voter_397,P11,P12,P15,P3,P4,P2,P17,P10,P13,P1,P14,P20,P19,P7,P6,P9,P8,P18,P5,P16
397,Voter_398,P4,P5,P20,P12,P17,P6,P7,P1,P11,P18,P14,P15,P8,P16,P3,P10,P9,P2,P19,P13
398,Voter_399,P12,P18,P15,P16,P14,P7,P8,P19,P2,P13,P5,P20,P17,P6,P1,P10,P11,P3,P9,P4
399,Voter_400,P16,P6,P7,P5,P17,P19,P20,P3,P9,P12,P18,P2,P4,P15,P8,P13,P11,P14,P1,P10
400,Voter_401,P12,P11,P1,P18,P10,P16,P17,P14,P19,P6,P8,P9,P7,P15,P3,P2,P5,P13,P4,P20
401,Voter_402,P11,P12,P9,P19,P4,P16,P6,P17,P3,P15,P14,P20,P18,P2,P8,P13,P10,P5,P7,P1
402,Voter_403,P8,P14,P11,P12,P17,P13,P18,P7,P10,P16,P5,P1,P6,P19,P20,P3,P15,P4,P2,P9
403,Voter_404,P14,P19,P20,P13,P11,P15,P18,P1,P9,P7,P8,P5,P10,P17,P16,P4,P2,P6,P12,P3
404,Voter_405,P16,P11,P15,P18,P13,P1,P9,P3,P8,P4,P20,P14,P5,P6,P7,P2,P17,P10,P12,P19
405,Voter_406,P9,P1,P10,P20,P11,P13,P3,P17,P16,P14,P5,P2,P15,P6,P12,P4,P7,P19,P8,P18
406,Voter_407,P1,P16,P5,P13,P19,P10,P7,P8,P3,P17,P4,P11,P14,P20,P15,P12,P2,P18,P9,P6
407,Voter_408,P1,P5,P20,P7,P11,P13,P14,P2,P4,P16,P12,P18,P9,P6,P3,P10,P17,P15,P8,P19
408,Voter_409,P5,P10,P8,P6,P16,P9,P13,P11,P4,P19,P18,P3,P20,P15,P14,P12,P7,P1,P17,P2
409,Voter_410,P8,P12,P16,P18,P2,P14,P4,P10,P7,P17,P11,P5,P1,P3,P15,P6,P20,P9,P13,P19
410,Voter_411,P18,P1,P6,P12,P16,P20,P7,P9,P3,P2,P19,P5,P14,P8,P17,P11,P15,P4,P13,P10
411,Voter_412,P18,P20,P13,P11,P6,P1,P3,P8,P12,P4,P2,P5,P19,P10,P15,P7,P17,P14,P9,P16
412,Voter_413,P13,P12,P5,P7,P10,P14,P2,P17,P8,P4,P6,P15,P9,P11,P16,P3,P20,P19,P1,P18
413,Voter_414,P10,P2,P20,P3,P7,P19,P14,P6,P11,P16,P18,P13,P5,P17,P4,P15,P12,P8,P1,P9
414,Voter_415,P17,P3,P14,P7,P9,P16,P4,P5,P19,P10,P12,P13,P8,P11,P20,P2,P6,P1,P18,P15
415,Voter_416,P3,P12,P16,P10,P4,P20,P18,P15,P19,P14,P7,P8,P2,P13,P9,P11,P6,P17,P1,P5
416,Voter_417,P10,P18,P17,P15,P16,P3,P13,P11,P1,P20,P6,P7,P14,P9,P12,P2,P19,P5,P8,P4
417,Voter_418,P11,P13,P20,P4,P14,P19,P6,P2,P9,P8,P5,P17,P12,P10,P18,P1,P3,P15,P7,P16
418,Voter_419,P20,P9,P19,P1,P14,P12,P7,P15,P3,P8,P11,P6,P2,P10,P13,P5,P17,P18,P16,P4
419,Voter_420,P5,P4,P12,P1,P2,P7,P17,P13,P10,P6,P16,P11,P14,P15,P3,P9,P18,P19,P8,P20
420,Voter_421,P19,P7,P18,P9,P14,P2,P15,P11,P5,P1,P13,P8,P6,P17,P16,P12,P10,P4,P20,P3
421,Voter_422,P9,P4,P16,P12,P18,P7,P11,P3,P2,P19,P10,P15,P17,P13,P5,P14,P20,P1,P6,P8
422,Voter_423,P18,P3,P14,P12,P6,P20,P17,P1,P13,P19,P7,P5,P10,P11,P9,P2,P16,P8,P15,P4
423,Voter_424,P1,P20,P18,P3,P19,P6,P10,P7,P2,P8,P4,P12,P5,P9,P15,P13,P17,P11,P14,P16
424,Voter_425,P20,P17,P1,P19,P13,P8,P4,P15,P9,P2,P7,P5,P18,P3,P6,P11,P12,P16,P10,P14
425,Voter_426,P4,P6,P15,P16,P8,P13,P14,P17,P2,P5,P1,P19,P3,P20,P11,P7,P9,P18,P10,P12
426,Voter_427,P15,P5,P6,P8,P3,P12,P4,P10,P2,P16,P18,P14,P17,P7,P13,P20,P9,P1,P19,P11
427,Voter_428,P19,P8,P17,P10,P13,P2,P9,P6,P7,P16,P18,P11,P1,P20,P12,P4,P14,P5,P15,P3
428,Voter_429,P8,P3,P17,P6,P2,P9,P20,P18,P13,P10,P4,P1,P19,P7,P5,P15,P16,P11,P14,P12
429,Voter_430,P13,P9,P3,P1,P16,P4,P5,P2,P8,P6,P14,P19,P17,P20,P18,P10,P15,P7,P12,P11
430,Voter_431,P18,P15,P17,P13,P6,P2,P16,P10,P1,P9,P19,P4,P7,P14,P8,P3,P12,P5,P11,P20
431,Voter_432,P16,P2,P12,P6,P10,P20,P14,P11,P5,P9,P17,P13,P4,P3,P18,P7,P8,P19,P15,P1
432,Voter_433,P1,P12,P14,P20,P5,P9,P3,P19,P15,P8,P16,P18,P13,P6,P4,P17,P11,P2,P10,P7
433,Voter_434,P11,P18,P10,P17,P15,P12,P4,P1,P3,P2,P5,P13,P16,P6,P14,P19,P8,P7,P20,P9
434,Voter_435,P5,P11,P9,P16,P4,P12,P10,P7,P13,P20,P14,P2,P1,P19,P6,P15,P18,P17,P8,P3
435,Voter_436,P19,P5,P2,P20,P1,P17,P4,P10,P6,P9,P14,P16,P13,P12,P7,P15,P3,P11,P8,P18
436,Voter_437,P20,P17,P15,P4,P9,P16,P7,P5,P13,P19,P14,P18,P2,P1,P8,P3,P6,P11,P10,P12
437,Voter_438,P6,P7,P16,P8,P15,P14,P18,P13,P4,P12,P2,P19,P5,P9,P10,P20,P3,P11,P1,P17
438,Voter_439,P1,P19,P4,P14,P3,P8,P12,P13,P11,P10,P20,P16,P7,P9,P2,P18,P6,P15,P5,P17
439,Voter_440,P4,P10,P8,P19,P12,P6,P7,P1,P15,P13,P11,P18,P5,P9,P2,P14,P17,P3,P16,P20
440,Voter_441,P7,P1,P19,P17,P11,P8,P15,P18,P5,P16,P10,P3,P2,P9,P20,P4,P13,P12,P14,P6
441,Voter_442,P17,P13,P9,P7,P15,P3,P14,P20,P8,P5,P10,P11,P18,P4,P12,P6,P2,P1,P16,P19
442,Voter_443,P20,P1,P7,P19,P6,P14,P4,P8,P5,P9,P16,P2,P3,P15,P18,P10,P12,P17,P13,P11
443,Voter_444,P16,P10,P9,P1,P7,P6,P17,P8,P3,P13,P4,P12,P14,P20,P15,P11,P19,P5,P2,P18
444,Voter_445,P10,P9,P4,P3,P2,P5,P6,P17,P7,P18,P16,P13,P19,P14,P11,P1,P8,P12,P20,P15
445,Voter_446,P12,P10,P5,P3,P1,P20,P2,P17,P13,P4,P8,P18,P7,P14,P16,P19,P15,P11,P6,P9
446,Voter_447,P11,P8,P7,P2,P15,P17,P6,P1,P4,P14,P9,P12,P5,P19,P20,P18,P3,P10,P16,P13
447,Voter_448,P12,P13,P1,P15,P11,P10,P18,P6,P3,P19,P2,P7,P17,P5,P16,P4,P14,P20,P9,P8
448,Voter_449,P17,P10,P18,P2,P12,P16,P15,P4,P3,P8,P5,P9,P7,P1,P6,P14,P11,P19,P20,P13
449,Voter_450,P5,P10,P16,P3,P12,P11,P18,P13,P20,P19,P7,P8,P14,P17,P1,P6,P4,P9,P2,P15
450,Voter_451,P11,P15,P20,P6,P18,P13,P5,P10,P12,P4,P8,P16,P14,P3,P9,P7,P1,P17,P19,P2
451,Voter_452,P1,P4,P18,P9,P8,P3,P17,P12,P19,P2,P6,P15,P5,P7,P10,P20,P16,P13,P11,P14
452,Voter_453,P14,P18,P12,P7,P19,P6,P16,P3,P1,P13,P10,P8,P17,P4,P15,P9,P11,P5,P2,P20
453,Voter_454,P16,P9,P20,P18,P19,P15,P7,P14,P8,P4,P3,P13,P2,P6,P5,P10,P12,P17,P1,P11
454,Voter_455,P15,P20,P12,P6,P10,P1,P11,P19,P9,P3,P4,P5,P2,P14,P13,P17,P8,P18,P16,P7
455,Voter_456,P4,P1,P3,P19,P10,P9,P13,P11,P5,P20,P6,P17,P14,P16,P12,P2,P18,P15,P7,P8
456,Voter_457,P6,P3,P19,P5,P2,P18,P9,P11,P10,P15,P1,P12,P13,P16,P4,P8,P7,P14,P17,P20
457,Voter_458,P9,P18,P6,P13,P7,P12,P15,P1,P4,P19,P10,P11,P8,P2,P5,P20,P17,P14,P16,P3
458,Voter_459,P19,P10,P7,P14,P18,P8,P5,P16,P6,P15,P3,P11,P4,P1,P20,P17,P12,P9,P13,P2
459,Voter_460,P10,P20,P4,P14,P1,P3,P16,P15,P6,P2,P17,P7,P18,P9,P8,P13,P12,P19,P11,P5
460,Voter_461,P8,P5,P11,P20,P10,P2,P7,P13,P16,P18,P4,P9,P15,P19,P14,P6,P3,P12,P17,P1
461,Voter_462,P9,P10,P5,P1,P7,P3,P19,P18,P8,P2,P16,P6,P13,P14,P20,P11,P12,P4,P15,P17
462,Voter_463,P9,P8,P19,P3,P17,P10,P20,P12,P4,P16,P14,P1,P18,P2,P11,P5,P6,P15,P13,P7
463,Voter_464,P20,P14,P12,P5,P18,P2,P15,P7,P8,P4,P11,P19,P17,P1,P10,P13,P3,P16,P9,P6
464,Voter_465,P15,P19,P18,P13,P11,P2,P14,P12,P1,P7,P10,P20,P6,P9,P16,P5,P3,P17,P4,P8
465,Voter_466,P20,P2,P7,P9,P11,P19,P13,P3,P14,P10,P1,P15,P4,P12,P8,P5,P17,P16,P6,P18
466,Voter_467,P20,P18,P1,P2,P14,P5,P9,P16,P7,P10,P8,P11,P6,P17,P4,P19,P13,P15,P3,P12
467,Voter_468,P15,P10,P2,P12,P16,P14,P20,P18,P9,P1,P11,P13,P17,P19,P4,P8,P3,P6,P7,P5
468,Voter_469,P1,P5,P6,P10,P4,P14,P2,P13,P20,P9,P8,P3,P12,P19,P11,P17,P7,P18,P16,P15
469,Voter_470,P20,P10,P5,P14,P19,P2,P4,P12,P8,P13,P17,P9,P16,P11,P7,P6,P3,P1,P15,P18
470,Voter_471,P14,P17,P15,P9,P3,P2,P10,P4,P19,P16,P13,P1,P8,P6,P5,P7,P20,P12,P18,P11
471,Voter_472,P13,P17,P15,P6,P11,P12,P16,P7,P19,P10,P18,P4,P5,P3,P8,P20,P1,P9,P2,P14
472,Voter_473,P12,P14,P2,P16,P5,P8,P9,P18,P19,P7,P1,P11,P3,P15,P6,P20,P4,P13,P10,P17
473,Voter_474,P17,P20,P8,P15,P1,P2,P9,P19,P10,P14,P6,P4,P5,P18,P11,P13,P12,P3,P7,P16
474,Voter_475,P20,P2,P7,P16,P13,P18,P3,P12,P11,P5,P10,P4,P17,P6,P1,P15,P8,P14,P9,P19
475,Voter_476,P13,P11,P10,P7,P8,P4,P3,P2,P19,P6,P18,P9,P5,P12,P15,P17,P14,P16,P1,P20
476,Voter_477,P2,P7,P18,P14,P16,P6,P15,P11,P12,P10,P4,P19,P8,P1,P5,P3,P13,P20,P9,P17
477,Voter_478,P4,P8,P9,P12,P13,P15,P16,P20,P17,P3,P1,P2,P14,P6,P10,P7,P5,P19,P11,P18
478,Voter_479,P12,P11,P9,P13,P20,P10,P4,P18,P7,P19,P3,P16,P1,P17,P2,P5,P6,P15,P8,P14
479,Voter_480,P2,P4,P14,P10,P12,P8,P18,P13,P19,P9,P5,P6,P17,P11,P20,P1,P3,P15,P16,P7
480,Voter_481,P6,P14,P19,P9,P11,P13,P7,P1,P17,P20,P4,P18,P16,P10,P12,P5,P15,P3,P2,P8
481,Voter_482,P2,P1,P13,P18,P6,P12,P10,P20,P3,P7,P19,P16,P15,P9,P4,P8,P14,P11,P17,P5
482,Voter_483,P18,P3,P19,P16,P1,P6,P13,P12,P4,P7,P14,P20,P2,P15,P17,P9,P10,P11,P8,P5
483,Voter_484,P12,P18,P3,P13,P20,P19,P7,P15,P11,P6,P4,P17,P9,P1,P2,P10,P5,P14,P8,P16
484,Voter_485,P1,P20,P16,P10,P5,P18,P2,P15,P14,P12,P13,P7,P8,P3,P6,P9,P11,P19,P4,P17
485,Voter_486,P13,P20,P19,P17,P2,P4,P15,P18,P14,P9,P1,P10,P7,P11,P5,P16,P8,P6,P3,P12
486,Voter_487,P2,P6,P19,P16,P14,P20,P1,P8,P15,P3,P5,P18,P17,P4,P11,P10,P13,P7,P9,P12
487,Voter_488,P3,P18,P9,P16,P14,P5,P1,P20,P12,P7,P11,P19,P8,P4,P15,P6,P2,P10,P13,P17
488,Voter_489,P14,P12,P19,P9,P7,P15,P3,P20,P18,P1,P8,P13,P6,P11,P17,P16,P10,P5,P4,P2
489,Voter_490,P1,P14,P17,P20,P13,P8,P2,P19,P11,P18,P10,P9,P5,P3,P16,P4,P7,P12,P6,P15
490,Voter_491,P19,P9,P14,P16,P1,P13,P17,P7,P15,P2,P18,P11,P12,P10,P4,P8,P5,P3,P20,P6
491,Voter_492,P10,P2,P3,P19,P5,P13,P8,P20,P6,P14,P16,P1,P15,P9,P17,P7,P18,P4,P11,P12
492,Voter_493,P11,P1,P5,P10,P2,P4,P12,P9,P8,P20,P7,P16,P17,P3,P13,P14,P19,P18,P6,P15
493,Voter_494,P19,P20,P6,P17,P15,P12,P7,P10,P3,P5,P4,P1,P11,P9,P2,P8,P13,P14,P18,P16
494,Voter_495,P14,P10,P18,P4,P12,P6,P20,P13,P15,P16,P2,P19,P11,P5,P8,P1,P3,P9,P7,P17
495,Voter_496,P5,P15,P4,P16,P17,P19,P11,P2,P14,P3,P12,P1,P13,P7,P6,P20,P8,P18,P9,P10
496,Voter_497,P15,P16,P20,P17,P11,P9,P13,P7,P5,P4,P18,P3,P14,P6,P10,P19,P12,P8,P2,P1
497,Voter_498,P16,P4,P3,P11,P17,P15,P12,P7,P10,P2,P5,P9,P19,P20,P13,P14,P1,P6,P18,P8
498,Voter_499,P14,P5,P17,P18,P9,P8,P7,P2,P15,P12,P13,P10,P16,P19,P6,P4,P11,P20,P1,P3
499,Voter_500,P16,P12,P20,P6,P10,P3,P1,P9,P11,P5,P2,P17,P4,P7,P15,P18,P14,P19,P13,P8
500,Voter_501,P7,P14,P4,P8,P11,P17,P9,P1,P3,P5,P13,P12,P20,P10,P2,P15,P18,P16,P19,P6
501,Voter_502,P15,P1,P17,P5,P11,P13,P9,P16,P10,P18,P19,P8,P14,P4,P2,P20,P6,P7,P12,P3
502,Voter_503,P12,P9,P8,P3,P11,P20,P17,P13,P5,P2,P14,P1,P18,P6,P10,P16,P19,P15,P4,P7
503,Voter_504,P12,P5,P3,P2,P19,P9,P16,P10,P15,P17,P7,P13,P11,P1,P14,P18,P8,P20,P6,P4
504,Voter_505,P15,P20,P8,P7,P19,P4,P5,P10,P17,P6,P2,P12,P16,P1,P18,P11,P14,P3,P9,P13
505,Voter_506,P10,P1,P17,P20,P15,P2,P12,P19,P18,P5,P11,P9,P14,P16,P7,P6,P13,P8,P3,P4
506,Voter_507,P19,P8,P16,P14,P7,P2,P18,P20,P1,P13,P9,P12,P6,P3,P11,P17,P4,P15,P5,P10
507,Voter_508,P18,P8,P4,P7,P10,P3,P1,P12,P9,P15,P11,P16,P20,P19,P6,P13,P14,P17,P2,P5
508,Voter_509,P14,P8,P4,P19,P16,P6,P15,P5,P7,P11,P12,P2,P3,P18,P1,P20,P13,P17,P9,P10
509,Voter_510,P19,P5,P7,P1,P3,P16,P10,P11,P4,P8,P13,P12,P9,P15,P18,P2,P20,P14,P17,P6
510,Voter_511,P15,P19,P16,P18,P2,P5,P13,P20,P12,P11,P1,P8,P17,P7,P10,P9,P14,P4,P3,P6
511,Voter_512,P12,P4,P15,P2,P18,P8,P9,P11,P1,P20,P3,P14,P10,P7,P17,P5,P6,P16,P13,P19
512,Voter_513,P3,P9,P16,P18,P2,P17,P6,P4,P1,P5,P14,P20,P13,P12,P8,P11,P19,P15,P10,P7
513,Voter_514,P4,P17,P13,P11,P3,P9,P6,P2,P7,P15,P18,P10,P8,P14,P20,P19,P1,P16,P12,P5
514,Voter_515,P9,P18,P10,P20,P5,P1,P3,P8,P14,P16,P4,P15,P7,P2,P19,P17,P11,P6,P12,P13
515,Voter_516,P10,P9,P18,P19,P20,P5,P13,P15,P6,P1,P3,P12,P4,P7,P11,P8,P2,P17,P14,P16
516,Voter_517,P9,P12,P15,P2,P5,P10,P8,P11,P3,P4,P17,P1,P19,P14,P20,P13,P16,P7,P6,P18
517,Voter_518,P20,P10,P2,P19,P11,P3,P17,P5,P6,P16,P7,P15,P12,P14,P13,P8,P1,P9,P4,P18
518,Voter_519,P10,P11,P7,P19,P2,P15,P18,P3,P6,P12,P4,P8,P5,P13,P1,P14,P9,P16,P20,P17
519,Voter_520,P3,P11,P1,P16,P6,P20,P18,P15,P2,P7,P4,P14,P17,P9,P13,P5,P12,P8,P19,P10
520,Voter_521,P14,P3,P4,P12,P2,P7,P20,P17,P8,P13,P10,P15,P18,P9,P5,P1,P11,P16,P19,P6
521,Voter_522,P17,P2,P5,P6,P4,P3,P12,P14,P9,P13,P19,P8,P20,P18,P10,P16,P11,P15,P1,P7
522,Voter_523,P5,P2,P20,P1,P17,P7,P6,P8,P10,P14,P13,P3,P4,P9,P16,P12,P15,P19,P11,P18
523,Voter_524,P4,P19,P10,P3,P18,P15,P11,P5,P17,P7,P16,P13,P8,P6,P2,P20,P1,P9,P14,P12
524,Voter_525,P12,P16,P18,P13,P11,P17,P7,P2,P15,P3,P6,P14,P19,P4,P1,P8,P20,P5,P10,P9
525,Voter_526,P4,P20,P19,P14,P12,P8,P17,P6,P15,P5,P18,P3,P1,P7,P11,P10,P13,P2,P9,P16
526,Voter_527,P2,P9,P20,P1,P18,P8,P12,P15,P10,P3,P7,P17,P16,P6,P4,P19,P13,P11,P5,P14
527,Voter_528,P7,P2,P10,P17,P20,P16,P6,P4,P1,P5,P12,P19,P18,P13,P9,P8,P15,P14,P3,P11
528,Voter_529,P2,P17,P8,P10,P7,P20,P4,P5,P3,P18,P19,P12,P14,P9,P13,P11,P16,P15,P1,P6
529,Voter_530,P13,P6,P8,P15,P18,P3,P9,P17,P2,P11,P7,P12,P14,P1,P4,P5,P10,P20,P19,P16
530,Voter_531,P8,P5,P9,P18,P19,P3,P6,P20,P7,P14,P11,P4,P16,P2,P13,P1,P17,P10,P15,P12
531,Voter_532,P12,P14,P10,P19,P6,P20,P11,P16,P13,P7,P2,P15,P8,P18,P4,P5,P17,P3,P9,P1
532,Voter_533,P8,P17,P7,P16,P1,P5,P19,P18,P13,P3,P12,P2,P11,P14,P10,P9,P20,P4,P6,P15
533,Voter_534,P11,P19,P16,P4,P5,P13,P15,P3,P12,P18,P2,P10,P8,P1,P20,P7,P14,P6,P9,P17
534,Voter_535,P15,P11,P9,P20,P5,P17,P12,P16,P8,P18,P2,P10,P19,P7,P4,P14,P6,P1,P3,P13
535,Voter_536,P16,P13,P2,P19,P11,P7,P8,P10,P4,P1,P6,P15,P5,P17,P3,P9,P20,P14,P12,P18
536,Voter_537,P9,P13,P8,P20,P4,P6,P11,P12,P19,P16,P10,P18,P15,P2,P17,P5,P7,P14,P3,P1
537,Voter_538,P15,P11,P13,P20,P8,P12,P19,P5,P18,P7,P6,P2,P16,P1,P3,P14,P17,P9,P4,P10
538,Voter_539,P14,P1,P2,P5,P3,P17,P11,P9,P6,P15,P16,P7,P19,P10,P12,P18,P13,P4,P8,P20
539,Voter_540,P4,P3,P8,P16,P12,P6,P2,P5,P19,P17,P15,P13,P9,P10,P20,P14,P1,P18,P11,P7
540,Voter_541,P17,P11,P16,P15,P6,P10,P19,P7,P9,P2,P12,P1,P4,P20,P3,P8,P13,P18,P5,P14
541,Voter_542,P1,P5,P10,P16,P15,P13,P2,P14,P3,P17,P8,P4,P11,P7,P19,P18,P12,P9,P6,P20
542,Voter_543,P13,P16,P14,P18,P9,P10,P20,P5,P6,P15,P7,P3,P8,P2,P12,P11,P1,P19,P4,P17
543,Voter_544,P12,P5,P4,P8,P20,P6,P18,P16,P2,P9,P1,P17,P13,P10,P3,P14,P15,P19,P7,P11
544,Voter_545,P13,P18,P2,P15,P6,P8,P17,P16,P9,P10,P3,P7,P5,P11,P20,P14,P12,P1,P4,P19
545,Voter_546,P1,P6,P13,P19,P20,P14,P18,P5,P3,P12,P16,P9,P15,P10,P2,P17,P7,P11,P4,P8
546,Voter_547,P9,P16,P11,P10,P19,P17,P4,P14,P7,P8,P13,P5,P12,P18,P3,P6,P1,P15,P2,P20
547,Voter_548,P19,P4,P17,P14,P11,P20,P3,P2,P5,P6,P1,P18,P15,P8,P10,P9,P16,P7,P12,P13
548,Voter_549,P1,P8,P4,P9,P12,P13,P11,P20,P19,P18,P10,P2,P7,P5,P16,P14,P6,P15,P17,P3
549,Voter_550,P16,P3,P9,P11,P14,P7,P15,P8,P12,P2,P10,P20,P6,P4,P18,P13,P1,P17,P5,P19
550,Voter_551,P7,P4,P8,P12,P18,P3,P13,P10,P1,P5,P9,P19,P15,P17,P6,P2,P14,P11,P20,P16
551,Voter_552,P18,P8,P13,P17,P15,P20,P3,P5,P12,P4,P10,P16,P9,P19,P2,P7,P14,P6,P11,P1
552,Voter_553,P10,P6,P20,P5,P15,P19,P14,P4,P17,P11,P13,P3,P8,P7,P12,P16,P9,P1,P2,P18
553,Voter_554,P13,P16,P9,P19,P5,P15,P3,P8,P6,P10,P1,P14,P12,P4,P2,P11,P17,P18,P20,P7
554,Voter_555,P5,P14,P19,P3,P4,P9,P2,P16,P12,P1,P17,P20,P18,P10,P6,P7,P11,P8,P15,P13
555,Voter_556,P14,P9,P6,P4,P5,P11,P7,P18,P2,P15,P8,P1,P17,P10,P3,P20,P16,P13,P12,P19
556,Voter_557,P4,P11,P10,P16,P3,P9,P1,P20,P13,P2,P8,P19,P15,P17,P6,P5,P12,P14,P18,P7
557,Voter_558,P1,P17,P10,P14,P16,P2,P9,P12,P4,P6,P20,P11,P13,P5,P3,P18,P8,P15,P7,P19
558,Voter_559,P19,P11,P9,P13,P20,P7,P2,P4,P15,P12,P5,P10,P8,P1,P14,P17,P3,P16,P6,P18
559,Voter_560,P12,P2,P5,P13,P20,P4,P16,P17,P7,P1,P6,P3,P19,P10,P14,P18,P8,P15,P11,P9
560,Voter_561,P3,P5,P18,P4,P1,P2,P20,P15,P10,P13,P6,P14,P7,P12,P11,P19,P9,P17,P8,P16
561,Voter_562,P14,P1,P16,P15,P3,P17,P4,P11,P20,P12,P7,P10,P9,P2,P5,P6,P8,P18,P19,P13
562,Voter_563,P19,P17,P4,P2,P10,P16,P1,P6,P14,P8,P3,P9,P15,P18,P12,P13,P20,P7,P5,P11
563,Voter_564,P5,P6,P14,P8,P17,P1,P20,P10,P4,P18,P7,P13,P16,P3,P9,P11,P19,P15,P2,P12
564,Voter_565,P6,P14,P10,P8,P7,P16,P9,P20,P1,P3,P18,P11,P12,P15,P19,P2,P5,P17,P13,P4
565,Voter_566,P2,P12,P9,P17,P11,P1,P20,P14,P16,P18,P5,P15,P3,P13,P6,P8,P10,P19,P7,P4
566,Voter_567,P9,P1,P7,P4,P17,P5,P19,P2,P12,P8,P15,P6,P13,P14,P10,P16,P11,P20,P18,P3
567,Voter_568,P5,P17,P14,P4,P20,P9,P10,P2,P8,P3,P13,P18,P19,P16,P12,P11,P1,P7,P15,P6
568,Voter_569,P10,P18,P14,P3,P9,P7,P16,P20,P4,P5,P15,P12,P17,P8,P19,P2,P13,P6,P11,P1
569,Voter_570,P20,P12,P7,P2,P6,P15,P10,P3,P13,P5,P16,P14,P9,P17,P1,P8,P4,P19,P11,P18
570,Voter_571,P19,P14,P7,P10,P9,P1,P13,P6,P2,P18,P20,P5,P17,P12,P15,P11,P4,P8,P3,P16
571,Voter_572,P16,P19,P5,P9,P4,P2,P15,P17,P1,P10,P20,P18,P12,P6,P11,P14,P13,P8,P3,P7
572,Voter_573,P13,P2,P15,P1,P14,P19,P10,P8,P3,P11,P12,P5,P16,P17,P4,P18,P9,P7,P20,P6
573,Voter_574,P15,P14,P13,P3,P2,P11,P20,P6,P18,P4,P5,P12,P7,P16,P1,P8,P17,P9,P19,P10
574,Voter_575,P18,P4,P6,P5,P8,P15,P2,P13,P17,P9,P19,P20,P12,P3,P1,P16,P11,P7,P10,P14
575,Voter_576,P9,P20,P6,P19,P3,P1,P2,P13,P5,P7,P12,P11,P14,P17,P15,P18,P10,P8,P4,P16
576,Voter_577,P18,P6,P14,P17,P2,P16,P10,P20,P19,P4,P13,P5,P15,P3,P7,P9,P1,P12,P8,P11
577,Voter_578,P4,P10,P13,P7,P3,P18,P8,P12,P9,P11,P17,P6,P5,P16,P2,P15,P20,P1,P14,P19
578,Voter_579,P15,P1,P14,P6,P17,P7,P18,P4,P16,P20,P10,P2,P12,P3,P5,P11,P8,P19,P13,P9
579,Voter_580,P4,P11,P1,P15,P16,P18,P12,P9,P6,P7,P10,P14,P17,P20,P8,P5,P13,P3,P19,P2
580,Voter_581,P4,P2,P12,P14,P6,P19,P16,P10,P8,P7,P11,P9,P17,P1,P13,P18,P15,P3,P20,P5
581,Voter_582,P7,P3,P19,P13,P1,P10,P18,P20,P16,P4,P2,P12,P8,P5,P9,P6,P15,P17,P11,P14
582,Voter_583,P14,P19,P6,P20,P4,P5,P1,P15,P18,P17,P12,P7,P8,P16,P9,P3,P10,P13,P2,P11
583,Voter_584,P20,P8,P19,P7,P3,P9,P15,P14,P1,P5,P10,P4,P2,P6,P11,P17,P18,P16,P13,P12
584,Voter_585,P2,P15,P16,P1,P10,P5,P6,P13,P19,P18,P17,P7,P12,P8,P11,P14,P4,P9,P3,P20
585,Voter_586,P6,P12,P1,P11,P9,P4,P14,P15,P19,P16,P7,P18,P17,P2,P10,P3,P20,P5,P13,P8
586,Voter_587,P19,P1,P14,P6,P18,P7,P20,P8,P3,P2,P15,P16,P13,P12,P4,P11,P17,P10,P9,P5
587,Voter_588,P12,P10,P13,P15,P5,P4,P7,P16,P9,P6,P14,P20,P18,P19,P3,P11,P17,P1,P2,P8
588,Voter_589,P14,P2,P4,P3,P6,P13,P18,P1,P20,P11,P10,P9,P7,P8,P19,P17,P5,P16,P12,P15
589,Voter_590,P13,P4,P9,P18,P8,P7,P19,P6,P2,P10,P5,P1,P16,P12,P11,P3,P14,P20,P15,P17
590,Voter_591,P19,P9,P10,P8,P7,P2,P3,P14,P20,P12,P16,P5,P18,P11,P15,P4,P13,P6,P17,P1
591,Voter_592,P10,P20,P5,P12,P7,P15,P1,P8,P9,P18,P14,P6,P19,P16,P17,P13,P11,P3,P2,P4
592,Voter_593,P16,P9,P8,P20,P14,P4,P15,P19,P2,P6,P3,P7,P17,P10,P11,P18,P5,P12,P1,P13
593,Voter_594,P3,P16,P6,P7,P11,P17,P10,P19,P18,P4,P1,P9,P2,P20,P13,P8,P14,P5,P12,P15
594,Voter_595,P4,P6,P14,P8,P18,P16,P17,P7,P12,P2,P5,P9,P3,P11,P15,P1,P20,P13,P19,P10
595,Voter_596,P11,P1,P15,P19,P3,P2,P10,P14,P16,P8,P17,P9,P12,P18,P5,P20,P4,P7,P13,P6
596,Voter_597,P17,P9,P3,P19,P5,P15,P12,P4,P1,P2,P10,P8,P20,P6,P13,P7,P14,P18,P11,P16
597,Voter_598,P18,P9,P13,P10,P17,P2,P4,P1,P20,P19,P12,P7,P15,P16,P3,P11,P5,P8,P6,P14
598,Voter_599,P5,P13,P17,P9,P7,P20,P15,P1,P8,P12,P3,P16,P19,P14,P4,P2,P6,P18,P11,P10
599,Voter_600,P4,P10,P1,P6,P20,P11,P18,P2,P5,P14,P7,P13,P9,P8,P17,P12,P16,P3,P15,P19
600,Voter_601,P14,P9,P7,P5,P11,P12,P16,P17,P20,P3,P4,P10,P18,P19,P8,P15,P6,P1,P2,P13
601,Voter_602,P20,P14,P6,P3,P16,P15,P1,P9,P19,P4,P12,P2,P10,P17,P18,P13,P11,P5,P7,P8
602,Voter_603,P13,P6,P4,P16,P19,P15,P11,P17,P12,P1,P9,P20,P3,P18,P10,P14,P5,P2,P8,P7
603,Voter_604,P9,P11,P15,P20,P1,P16,P6,P18,P14,P17,P5,P7,P12,P19,P4,P8,P10,P13,P3,P2
604,Voter_605,P16,P3,P11,P5,P15,P1,P19,P18,P2,P12,P7,P4,P20,P8,P6,P17,P14,P9,P10,P13
605,Voter_606,P13,P6,P11,P14,P10,P12,P5,P2,P20,P15,P17,P8,P19,P7,P1,P4,P16,P18,P9,P3
606,Voter_607,P11,P2,P13,P15,P8,P12,P10,P1,P6,P20,P5,P18,P17,P4,P14,P7,P9,P19,P3,P16
607,Voter_608,P16,P3,P12,P14,P9,P19,P2,P4,P20,P6,P1,P17,P5,P13,P8,P18,P7,P10,P15,P11
608,Voter_609,P3,P18,P16,P12,P5,P2,P13,P17,P11,P8,P14,P15,P1,P6,P19,P20,P4,P7,P10,P9
609,Voter_610,P16,P2,P9,P18,P10,P12,P13,P17,P5,P11,P1,P19,P7,P4,P6,P20,P8,P3,P14,P15
610,Voter_611,P7,P12,P10,P3,P2,P15,P8,P16,P18,P4,P5,P20,P13,P17,P14,P6,P19,P9,P11,P1
611,Voter_612,P1,P2,P4,P17,P6,P9,P3,P10,P7,P13,P15,P14,P5,P19,P8,P11,P20,P12,P16,P18
612,Voter_613,P20,P6,P12,P1,P19,P13,P10,P8,P14,P9,P4,P11,P15,P2,P3,P17,P18,P5,P7,P16
613,Voter_614,P2,P13,P3,P10,P14,P12,P8,P5,P18,P17,P11,P6,P16,P9,P15,P19,P4,P1,P20,P7
614,Voter_615,P5,P4,P15,P1,P8,P3,P17,P9,P10,P19,P14,P2,P11,P16,P13,P7,P20,P6,P12,P18
615,Voter_616,P11,P8,P2,P17,P6,P3,P18,P14,P19,P16,P5,P4,P10,P9,P20,P7,P13,P1,P15,P12
616,Voter_617,P2,P18,P11,P9,P13,P7,P3,P4,P5,P17,P8,P15,P10,P19,P20,P1,P16,P6,P12,P14
617,Voter_618,P15,P9,P14,P4,P16,P7,P18,P11,P5,P1,P12,P19,P6,P20,P13,P3,P10,P2,P17,P8
618,Voter_619,P3,P2,P7,P6,P20,P14,P1,P13,P15,P16,P11,P4,P17,P19,P10,P8,P5,P18,P12,P9
619,Voter_620,P19,P1,P9,P5,P11,P10,P13,P15,P12,P17,P4,P2,P7,P6,P14,P16,P20,P18,P3,P8
620,Voter_621,P3,P10,P6,P14,P19,P7,P12,P18,P16,P8,P9,P20,P17,P1,P13,P4,P5,P2,P11,P15
621,Voter_622,P17,P6,P16,P19,P14,P9,P18,P13,P3,P20,P12,P7,P4,P1,P11,P10,P8,P2,P5,P15
622,Voter_623,P17,P13,P16,P15,P7,P2,P6,P18,P4,P19,P10,P1,P8,P3,P9,P5,P12,P20,P11,P14
623,Voter_624,P18,P4,P10,P13,P3,P8,P7,P2,P17,P14,P6,P19,P12,P1,P16,P11,P5,P20,P15,P9
624,Voter_625,P14,P20,P13,P12,P18,P5,P10,P7,P16,P4,P3,P19,P15,P6,P2,P1,P17,P9,P8,P11
625,Voter_626,P11,P4,P17,P15,P12,P3,P18,P10,P19,P13,P7,P16,P8,P20,P14,P2,P5,P6,P9,P1
626,Voter_627,P1,P17,P3,P8,P2,P15,P16,P5,P10,P18,P11,P9,P6,P19,P13,P12,P7,P4,P20,P14
627,Voter_628,P19,P11,P2,P14,P13,P20,P17,P8,P15,P3,P18,P1,P5,P10,P9,P7,P16,P4,P12,P6
628,Voter_629,P11,P4,P6,P10,P14,P16,P17,P1,P20,P19,P13,P2,P7,P18,P12,P8,P5,P15,P9,P3
629,Voter_630,P14,P8,P15,P12,P3,P9,P20,P17,P11,P4,P16,P6,P7,P10,P5,P18,P19,P1,P2,P13
630,Voter_631,P1,P12,P3,P10,P20,P11,P15,P7,P5,P14,P13,P8,P2,P19,P4,P6,P18,P17,P16,P9
631,Voter_632,P12,P15,P5,P3,P17,P8,P16,P11,P6,P13,P14,P19,P18,P2,P9,P7,P10,P1,P4,P20
632,Voter_633,P20,P4,P8,P12,P13,P18,P15,P11,P16,P14,P6,P17,P19,P7,P2,P3,P9,P10,P5,P1
633,Voter_634,P18,P17,P4,P12,P9,P15,P8,P6,P3,P16,P1,P10,P13,P11,P7,P14,P19,P2,P20,P5
634,Voter_635,P18,P11,P17,P3,P1,P14,P16,P15,P9,P6,P7,P19,P4,P13,P20,P5,P12,P2,P8,P10
635,Voter_636,P18,P2,P17,P16,P8,P6,P12,P11,P20,P10,P13,P19,P14,P5,P4,P7,P3,P15,P9,P1
636,Voter_637,P14,P16,P17,P3,P15,P12,P18,P4,P5,P13,P2,P8,P11,P9,P19,P20,P10,P6,P1,P7
637,Voter_638,P9,P17,P3,P2,P10,P11,P6,P4,P8,P18,P20,P13,P16,P7,P14,P12,P19,P15,P5,P1
638,Voter_639,P7,P13,P15,P8,P2,P1,P18,P5,P4,P17,P6,P20,P19,P14,P3,P9,P10,P16,P11,P12
639,Voter_640,P17,P18,P20,P8,P1,P12,P6,P3,P14,P9,P5,P19,P7,P4,P10,P15,P13,P11,P2,P16
640,Voter_641,P3,P15,P2,P12,P16,P19,P11,P14,P8,P17,P4,P5,P9,P6,P20,P18,P13,P10,P1,P7
641,Voter_642,P12,P19,P6,P5,P3,P10,P9,P8,P18,P15,P17,P20,P4,P11,P16,P7,P1,P2,P14,P13
642,Voter_643,P1,P19,P17,P16,P4,P11,P15,P3,P12,P18,P9,P14,P10,P5,P13,P2,P8,P20,P7,P6
643,Voter_644,P6,P12,P2,P16,P4,P14,P9,P10,P7,P8,P1,P3,P15,P18,P17,P19,P11,P5,P20,P13
644,Voter_645,P2,P14,P19,P1,P11,P17,P20,P12,P13,P8,P16,P15,P4,P9,P7,P3,P5,P10,P6,P18
645,Voter_646,P14,P10,P16,P2,P9,P11,P20,P5,P6,P12,P1,P18,P3,P17,P19,P7,P15,P4,P13,P8
646,Voter_647,P8,P12,P1,P14,P15,P20,P17,P13,P7,P5,P2,P9,P18,P10,P4,P16,P11,P6,P19,P3
647,Voter_648,P7,P11,P19,P20,P13,P18,P10,P9,P1,P8,P6,P3,P12,P15,P2,P17,P4,P16,P5,P14
648,Voter_649,P15,P5,P13,P20,P11,P17,P2,P3,P9,P19,P7,P18,P10,P12,P8,P16,P1,P6,P14,P4
649,Voter_650,P10,P20,P2,P18,P15,P17,P9,P7,P3,P19,P6,P12,P1,P11,P8,P14,P5,P4,P16,P13
